id,captured_at,provider,provider_type,buy,sell,spread,raw_hash
1,2026-09-08 00:55:06.244555+00,REXTIE,casa_digital,3.3415,3.3745,0.0330,0c5cf3c2a956789d9113424319859643a617779ea455740d951a451ae78b6dae
2,2026-09-08 00:55:06.483207+00,SUNAT,benchmark,3.3600,3.3690,0.0090,ea7ae37a1635d1f977a634638f2315dd5f0d8354434d485a8b04ef540604c303
3,2026-09-08 00:55:06.674586+00,TKAMBIO,casa_digital,3.3400,3.3720,0.0320,aaca039902e8905a4212b38fd130e4561ae5ad4ae22f19ac3b2c85361483c623
4,2026-09-08 00:55:06.958112+00,TUCAMBISTA,casa_digital,3.3450,3.3740,0.0290,b458220546b4a10d7478012f7404ff4ae6fcc807d985c21474edb42f989e4c13
5,2026-09-08 00:58:33.011572+00,REXTIE,casa_digital,3.3415,3.3745,0.0330,073fb2743e58665a568eb90272d8025641c8f98e88d3a23d39c67ef343dd0530
6,2026-09-08 00:58:33.38304+00,SUNAT,benchmark,3.3600,3.3690,0.0090,6d9884898180543186cb9195c72829b900e2ff59a28946463f2e6c14984ecb7f
7,2026-09-08 00:58:33.728842+00,TKAMBIO,casa_digital,3.3400,3.3720,0.0320,a095223a4f3a16c8dbbe77a68621d37e118e7b33371d03e3b14261c5d5537914
8,2026-09-08 00:58:34.092496+00,TUCAMBISTA,casa_digital,3.3450,3.3740,0.0290,e03b599436c7f57a2ed165f4f52fee2e2d9c639da36a53e10435c385b9dabacc
9,2026-09-08 01:01:58.196246+00,CAMBIX,casa_digital,3.3400,3.3800,0.0400,421606542a0e2a62a29042fa96b3cf1d85f17d6444a3734de0ecd26ad463d155
10,2026-09-08 01:01:58.660429+00,REXTIE,casa_digital,3.3415,3.3745,0.0330,9e2a90c1405c5ffb0efca4b80e74d77d9aaee138c7987b41003016e32ff82a21
11,2026-09-08 01:01:58.878815+00,SUNAT,benchmark,3.3600,3.3690,0.0090,bed81bb62457ec9acaa6263888cf95f45093d7f6b0da22b8066ba0060c273fa7
12,2026-09-08 01:01:59.23351+00,TKAMBIO,casa_digital,3.3400,3.3720,0.0320,033f981f44c8fcb7eb03ecd08de460924b6198e1e1dc5a6c54a2c327592a5446
13,2026-09-08 01:01:59.56754+00,TUCAMBISTA,casa_digital,3.3450,3.3740,0.0290,28d214b3aac367c5d27d27c81d865aac9d000853c08182acaabcd4baff7b3770
14,2026-09-08 02:12:20.739657+00,CAMBIX,casa_digital,3.3400,3.3800,0.0400,7f34173703f593827f04d009d686cd983b388bc0a79f84787cc8f32ddd1a6c14
15,2026-09-08 02:12:20.898357+00,REXTIE,casa_digital,3.3415,3.3745,0.0330,10607d6c40d395f7b11dfff4be622549536f0e27df3c0a4e56d139e98ffc3389
16,2026-09-08 02:12:21.003632+00,SUNAT,benchmark,3.3600,3.3690,0.0090,fc78093414d0a3f4b8ecda21584f6e289a9195e2af56a9855245a5569617e405
17,2026-09-08 02:12:21.114896+00,TKAMBIO,casa_digital,3.3400,3.3720,0.0320,34ba46c52ab087437e829433ea633cef9295d8cc29cb57bc37d5b0cd77c69dc7
18,2026-09-08 02:12:21.224485+00,TUCAMBISTA,casa_digital,3.3450,3.3740,0.0290,74f047c8af304ce8a2022c1ddd770cb08956a1cc2294e8024452270b3a50b326
19,2026-09-08 02:54:02.256637+00,CAMBIX,casa_digital,3.3400,3.3800,0.0400,6d78e0cda89e82b7635460abfb2d448d68777916fff67cd8c55aec0faa98d77a
20,2026-09-08 02:54:02.545768+00,REXTIE,casa_digital,3.3415,3.3745,0.0330,828fe97ba7b656a2fb435f638d041e70ffdba55999c54362f84ea3bb230a073e
21,2026-09-08 02:54:02.697332+00,SUNAT,benchmark,3.3600,3.3690,0.0090,a980be757c73b5faa6c31274eec924495270d296e32ab001ca30d0d60d7c834b
22,2026-09-08 02:54:02.931606+00,TKAMBIO,casa_digital,3.3400,3.3720,0.0320,6b4f959692ebce1349e4a8ac6ffa4230d18147bb25baa16cf6b3d80df76da3c2
23,2026-09-08 02:54:03.177782+00,TUCAMBISTA,casa_digital,3.3450,3.3740,0.0290,ced1869b5d65210a410f28b8dbdce5f1f237fc2af02efa90afe1adb65d7a2be9
24,2026-09-08 07:13:09.980174+00,CAMBIX,casa_digital,3.3400,3.3800,0.0400,edbde47bdbd6c2606818bf985102e7d78ae238452799df8ccfce5fca2f819beb
25,2026-09-08 07:13:10.247956+00,REXTIE,casa_digital,3.3415,3.3745,0.0330,2ae175cb40d820837de16c14c093610f9fc67ae6bf963a228fab2d3cc29509a0
26,2026-09-08 07:13:10.44234+00,SUNAT,benchmark,3.3510,3.3720,0.0210,cf054a6cc51905ed95148a4a389fa524a672449bf87b66424fef972485fc10f2
27,2026-09-08 07:13:10.61279+00,TKAMBIO,casa_digital,3.3400,3.3720,0.0320,b4b48c0322cee7cae54984cb3b70b42f18044a9a7444083abde41cb48b74c680
28,2026-09-08 07:13:10.828811+00,TUCAMBISTA,casa_digital,3.3450,3.3740,0.0290,cb49973659425a95ddd12bd33f0d2865a34d83bee6acde1aa995dee9ea74b2a5
29,2026-09-08 12:08:09.252693+00,REXTIE,casa_digital,3.3415,3.3745,0.0330,2c80a2b21f7bc02075fac0595fa5a059898c62049771277d44593504ff689f99
30,2026-09-08 12:08:09.482976+00,SUNAT,benchmark,3.3510,3.3720,0.0210,4d391f5f39e5d1f86742c87873dab907fae1666c383021a95254e17c46f58f20
31,2026-09-08 12:08:09.593581+00,TKAMBIO,casa_digital,3.3400,3.3720,0.0320,72bcc873e08a1d0f74e87fd771bf6f8675950212a18592ec6eaff9af0ec4b960
32,2026-09-08 12:08:09.696755+00,TUCAMBISTA,casa_digital,3.3450,3.3740,0.0290,53186f4b1789b52224eaa26d520fbb1c0a400da18ffc33a3f3aa5debbc927f5b
33,2026-09-08 15:47:33.323076+00,CAMBIX,casa_digital,3.3500,3.3600,0.0100,9b1946d09f56190a30ebba2bd564fb4bc06175cf870773edafed2a128f1fc036
34,2026-09-08 15:47:33.645771+00,REXTIE,casa_digital,3.3390,3.3690,0.0300,f6e5dabaa2b31cb03afeb145d3e11691d865e7b49d84beaff3a85eacbba7b11b
35,2026-09-08 15:47:33.917788+00,SUNAT,benchmark,3.3510,3.3720,0.0210,7d271e27a9ffacec0570d3d42821183fb710c5db753b38d5941d517cde6b1252
36,2026-09-08 15:47:34.184418+00,TKAMBIO,casa_digital,3.3410,3.3650,0.0240,568b532ebbcb113d1eb48555e70dcdc4f085c6260116a40d5a285a4ae77c8523
37,2026-09-08 16:00:37.947255+00,CAMBIX,casa_digital,3.3500,3.3600,0.0100,452d5a6567a3484e8e2847141cd9aabed70c8b6f13d1ee164b10a6d93f7ddb39
38,2026-09-08 16:00:38.286381+00,REXTIE,casa_digital,3.3390,3.3690,0.0300,b9c4356ce08e7e009c550ab31276636c99e94c76083ffe5cbf9852bdfb964346
39,2026-09-08 16:00:38.412047+00,SUNAT,benchmark,3.3510,3.3720,0.0210,1d8f91248b534f4980e40318598c16afaaf76054aae7911af7732af44459eeae
40,2026-09-08 16:00:38.550704+00,TKAMBIO,casa_digital,3.3410,3.3650,0.0240,8e667a7205395c9c46c48954fbc659505d29a7bc7a056f26898a00bbd967ecc8
41,2026-09-08 16:15:20.078903+00,CAMBIX,casa_digital,3.3500,3.3600,0.0100,91729e9e842868a4075fd209b5c257906a1944b3b7e65669c514cef52568f163
42,2026-09-08 16:15:20.484876+00,REXTIE,casa_digital,3.3390,3.3690,0.0300,5e0256aa15c15c63dacbdf1ee3088cde2f2f9fdedbbef241c2e05f3e1172c65c
43,2026-09-08 16:15:21.38726+00,SUNAT,benchmark,3.3510,3.3720,0.0210,61dd342fd04a36a824c85e0e8a36946a6f439a15b13fb3702b83eb64fd904878
44,2026-09-08 16:15:21.77585+00,TKAMBIO,casa_digital,3.3400,3.3650,0.0250,94ae6dadddc2aec98408c04fd55d97ec1f84184922f97f87183e44eb79fd2124
45,2026-09-08 16:15:21.957596+00,TUCAMBISTA,casa_digital,3.3405,3.3650,0.0245,d2b105e5a30dfc7338df6219017b61e1860f722bd2e52b030bf82f6d5fd398e4
46,2026-09-08 16:30:26.495524+00,CAMBIX,casa_digital,3.3500,3.3600,0.0100,18604e6fde2624108ee3e40d8e40c6747354ec58daebfeefc3e273cbe862342e
47,2026-09-08 16:30:26.701796+00,REXTIE,casa_digital,3.3390,3.3690,0.0300,090bc870bdc0942a60e8678a5df86acf7f95a24f768fa7548ba067d49b3b06b3
48,2026-09-08 16:30:26.882846+00,SUNAT,benchmark,3.3510,3.3720,0.0210,36350f62a5cb205b45ea56fbabb0a0f56a6eacc626a5889aeea9271e5e547732
49,2026-09-08 16:30:27.053906+00,TKAMBIO,casa_digital,3.3400,3.3650,0.0250,d39bd14f037c961990091c317a21a8d62080cb494897bf9a79350fa38ab01434
50,2026-09-08 16:30:27.19547+00,IBK,banco,0.0000,0.0000,0.0000,b0a038d90a379875f7725abf7f6618e9d72799ccfe4ad46e8fa2ea8800752855
51,2026-09-08 16:30:27.373535+00,TUCAMBISTA,casa_digital,3.3405,3.3660,0.0255,e4d564f6cf09da91831a1176cc4390a9b37abdcdc9277ff816bd10dfa5b8f1b5
52,2026-09-08 16:30:27.510124+00,KAMBISTA,casa_digital,3.3400,3.3650,0.0250,6e029897187acfee2122362d70b97b51b278b6e24fea961cec83b0df632be2ac
53,2026-09-08 16:34:52.812696+00,CAMBIX,casa_digital,3.3500,3.3600,0.0100,ce0e2f9193abe5df5617deb92fbf976c0eff8aa5b85ce4f57de501a82d7ee549
54,2026-09-08 16:34:53.311048+00,REXTIE,casa_digital,3.3390,3.3690,0.0300,ac4697de32a29f025cc753f9d4ce1758ef51c718e8a498c3d4327076aff8484e
55,2026-09-08 16:34:53.685243+00,SUNAT,benchmark,3.3510,3.3720,0.0210,505edc5410858ecdd299586aab1c188bcf4aeee5a5310492881b1d8f6a8e9527
56,2026-09-08 16:34:53.927019+00,TKAMBIO,casa_digital,3.3400,3.3650,0.0250,34bd8e0c94c53a60e20947c4a0262809455a6f2e826b06f10b37ef5490936231
57,2026-09-08 16:34:54.118943+00,IBK,banco,0.0000,0.0000,0.0000,6bc8e9d23c913527734ba8966dd4e86241947a8147520f46d74a21f177bf5f20
58,2026-09-08 16:34:54.318675+00,TUCAMBISTA,casa_digital,3.3405,3.3660,0.0255,e1ce135e745ad6996a007feafe1470b435c3ac7f4ff951976b1843bdb6fd05fb
59,2026-09-08 16:34:54.653802+00,KAMBISTA,casa_digital,3.3400,3.3650,0.0250,7749922fb8a7f02a0502bcf616d422f98c2efe905e6fb9cbc58ef4278a990119
60,2026-09-08 16:45:18.959025+00,CAMBIX,casa_digital,3.3500,3.3600,0.0100,065211a846e94b60aa2353b850e8f22eda9eed660a326ed3043e8a7e210541f3
61,2026-09-08 16:45:19.355572+00,REXTIE,casa_digital,3.3400,3.3700,0.0300,e21f1978c5acbf5c9b057eea2613b773284929ebbb25e3146dae982eabfdd82c
62,2026-09-08 16:45:19.636515+00,SUNAT,benchmark,3.3510,3.3720,0.0210,ad9602c0a3f9200d99b352f49db51bfdc8d9e1f0bcff06fb22162f5e53723a48
63,2026-09-08 16:45:19.90878+00,TKAMBIO,casa_digital,3.3400,3.3650,0.0250,e7edf5948ef3a14e7c1fc97335e53b82bc0a94cf59b2e60e63c608c483814d1d
64,2026-09-08 16:45:20.208889+00,IBK,banco,0.0000,0.0000,0.0000,bd0dee4817649b8c92d176b1778f759416f0e049df9632d5dd380f11d09b7f37
65,2026-09-08 16:45:20.554083+00,TUCAMBISTA,casa_digital,3.3415,3.3655,0.0240,00df39d737b73c3ea95620fcb7cd0713aa3fe6b5eb7c121ec13464d577d91e46
66,2026-09-08 16:45:20.813797+00,KAMBISTA,casa_digital,3.3400,3.3650,0.0250,3db215fea5a3d0aeb08d6bea5d58458f524eace83268622be3cfae3a90373e9d
67,2026-09-08 17:00:24.643078+00,CAMBIX,casa_digital,3.3500,3.3600,0.0100,b1a91e7e9ede52d23af748c910fbadeecd6c917e42df9cf17e184542636f2b0d
68,2026-09-08 17:00:24.973589+00,REXTIE,casa_digital,3.3400,3.3700,0.0300,339379fd72768310a49e638e6ea31d5eb1139681c30eb4e522b7e685142b696e
69,2026-09-08 17:00:25.340398+00,SUNAT,benchmark,3.3510,3.3720,0.0210,5a783390c4912841231d4738632e3f98630a4fa2da038da78ae55e30a8c56de5
70,2026-09-08 17:00:25.65697+00,TKAMBIO,casa_digital,3.3400,3.3650,0.0250,223c3ccd6392d8c1083a33860c35097ba439437ba65a48601f37bd1ed7608593
71,2026-09-08 17:00:25.969749+00,IBK,banco,0.0000,0.0000,0.0000,408c1ab8ac424c9807b16b271f976935b9e775c10f4c84fea5ecd04fdbf489dc
72,2026-09-08 17:00:26.155248+00,TUCAMBISTA,casa_digital,3.3420,3.3670,0.0250,4ecc30259565428aa1ee94d3fc9c7ff2beb3c39de57c239dd9dbbc37bcd8791d
73,2026-09-08 17:00:26.44161+00,KAMBISTA,casa_digital,3.3430,3.3680,0.0250,b5401c9165fc7d2bfa9d0e287470901be0a6a84414701f913a3aadda50c777fb
74,2026-09-08 17:15:18.553861+00,CAMBIX,casa_digital,3.3500,3.3600,0.0100,b403ec3af8c0cf5a55727e1cbbd4a0b0b26a89052cefad806f452173657942c1
75,2026-09-08 17:15:19.019269+00,REXTIE,casa_digital,3.3400,3.3700,0.0300,58e4c46fcac06c5cfc7cec19ef4919a44ab169962f31d698cf72543a3cc8e0f7
76,2026-09-08 17:15:19.343512+00,SUNAT,benchmark,3.3510,3.3720,0.0210,36cfebaf0461d9487216feecf985b34e76e04d9c9b7338d98f8d596cd9705d1d
77,2026-09-08 17:15:19.686949+00,TKAMBIO,casa_digital,3.3400,3.3650,0.0250,1a975b72f505e7a62ee95b45fa755685c573bcead0eb39ba6424b43cade06757
78,2026-09-08 17:15:20.244118+00,IBK,banco,0.0000,0.0000,0.0000,26b3b6630e870e4b5ab938baa616c143ddc0d76d52347cd81d020c1f427ba51e
79,2026-09-08 17:15:20.750605+00,TUCAMBISTA,casa_digital,3.3430,3.3670,0.0240,7bb0016ef2fc943efdd82d53d012d8ef61549244215690542d6303e527d976e2
80,2026-09-08 17:15:21.586134+00,KAMBISTA,casa_digital,3.3430,3.3680,0.0250,989a3b450cee99b57f11f886bd5cfbe78e3c87f91973f9fbf819a331d7e7a977
81,2026-09-08 17:30:27.346784+00,CAMBIX,casa_digital,3.3500,3.3600,0.0100,faad5101b50705e5d60eea278678e73940fcf3e038094eb17cb0afc93d81758b
82,2026-09-08 17:30:27.645463+00,REXTIE,casa_digital,3.3400,3.3700,0.0300,25b4b1abd6e82982ca612147cfbb591bb3ec346c6608ee1d775a586e003124a9
83,2026-09-08 17:30:27.840218+00,SUNAT,benchmark,3.3510,3.3720,0.0210,c0892db5054b55f55829a4030496a8a957790ceaaad693cd848ddb3ebf03d303
84,2026-09-08 17:30:28.094757+00,AVG_BANKS,benchmark,3.6740,3.5190,-0.1550,573d595f403c2a19ffb8867683add8ecbf29b923ba3884786d309ba9ad575ead
85,2026-09-08 17:30:28.336558+00,TKAMBIO,casa_digital,3.3420,3.3670,0.0250,cc8bfeb5d6b6912f0be94d4a548cd93675f82b7846980be95797b7f2e31e88a6
86,2026-09-08 17:30:28.5411+00,TUCAMBISTA,casa_digital,3.3440,3.3680,0.0240,fb7a24f47a7583455534cbb7b8ca580b43d7e370d82e2412227e16d6497bc6aa
87,2026-09-08 17:30:28.693031+00,KAMBISTA,casa_digital,3.3440,3.3690,0.0250,71afa389c79540649f60a73e278cc6c2b9c926e286a755b62ff0f1f06944411a
88,2026-09-08 17:45:19.806337+00,CAMBIX,casa_digital,3.3500,3.3600,0.0100,3a89506977fa2be1e42ad479997784282ce02f188a27450b60ab65566c2508a9
89,2026-09-08 17:45:20.165311+00,REXTIE,casa_digital,3.3395,3.3695,0.0300,8b2cd413c311a63c4e1c2cfe88976171e614a59baa93dfa44af478ff81cc132a
90,2026-09-08 17:45:20.399431+00,SUNAT,benchmark,3.3510,3.3720,0.0210,199d4d98c685858c177950eaf373c8ae15dbe84ceff4243a1ca435decca67732
91,2026-09-08 17:45:20.636951+00,AVG_BANKS,benchmark,3.6740,3.5190,-0.1550,4771c97a48de2398f1ef32d794c18715fb1eda341c2a35d0d090c0fb9546b055
92,2026-09-08 17:45:20.828404+00,TKAMBIO,casa_digital,3.3420,3.3670,0.0250,a0a9c36e8e7f96095948d424769772897126a852db83fd62602649987b6d7b5a
93,2026-09-08 17:45:21.012547+00,TUCAMBISTA,casa_digital,3.3440,3.3680,0.0240,a510d37537c9e35e6e81b0ca493306450dac416fb3855a2cbdb26d918567bd01
94,2026-09-08 17:45:21.154063+00,KAMBISTA,casa_digital,3.3420,3.3670,0.0250,c2672158d81262fcb975223d83af481fddc71c034c2bb384037f25edc6fdd13d
95,2026-09-08 18:00:31.720657+00,CAMBIX,casa_digital,3.3500,3.3600,0.0100,9f85d7cad0dc06b7707c0f7d7b90adb0bd5c2738810fac366edecd48bc574a5e
96,2026-09-08 18:00:32.484118+00,REXTIE,casa_digital,3.3390,3.3690,0.0300,24f6abd029307615e4337d0fb047991e44fa8878e94dd5b8dabf80cb353935e4
97,2026-09-08 18:00:32.85155+00,SUNAT,benchmark,3.3510,3.3720,0.0210,8b3f9e108e10d8f1db0bfd5155436724ceab4cb0030bd072727b9ac18c904761
98,2026-09-08 18:00:33.183996+00,AVG_BANKS,benchmark,3.6740,3.5190,-0.1550,45e1db231796322358536b29a4abe8aa70d443dfb185fe673ee7a131e5428a04
99,2026-09-08 18:00:33.648205+00,TKAMBIO,casa_digital,3.3420,3.3670,0.0250,ba5c4a070f187ee9003c13717e0b5d0ed3cbca1e65511e4283db4987418085b2
100,2026-09-08 18:00:34.020726+00,TUCAMBISTA,casa_digital,3.3425,3.3665,0.0240,2e9b068e4bc12def8304afee11f8f8d3709ed3b49d1d5598df5282b691e875f4
101,2026-09-08 18:00:34.221086+00,KAMBISTA,casa_digital,3.3430,3.3680,0.0250,a5bbc82c1388de1c560204ae043f97cca8bdabc5e6931ea44cdc610f0334d672
102,2026-09-08 18:15:18.258904+00,CAMBIX,casa_digital,3.3500,3.3600,0.0100,96afba18bf88c13c18c5ab146936bbfb04aeccbce0588445e67b9a23e52855bb
103,2026-09-08 18:15:18.799016+00,REXTIE,casa_digital,3.3390,3.3690,0.0300,6b1e55a8523924c3148857cd647bd713f14ff8f02924b59fbc8134aa8e6b84cf
104,2026-09-08 18:15:19.128643+00,SUNAT,benchmark,3.3510,3.3720,0.0210,c87125869d021d766a1d3af80d69870870630f37beb81840dfcdd2f20d2b32de
105,2026-09-08 18:15:20.795376+00,AVG_BANKS,benchmark,3.6740,3.5190,-0.1550,ab61435d88789d48816b9810acd7ecd31aedae27296873f1a907befbb2941510
106,2026-09-08 18:15:24.126263+00,TKAMBIO,casa_digital,3.3420,3.3670,0.0250,92c250504c5ef0ddbd396a8d3a484fd8d014e3415af033ef37f7ade06ac7dc72
107,2026-09-08 18:15:24.991805+00,TUCAMBISTA,casa_digital,3.3425,3.3670,0.0245,29c241a2e8c251089ebe2a6a686b701c372d02712fa650f7dd444c2eddd3b1af
108,2026-09-08 18:15:25.166217+00,KAMBISTA,casa_digital,3.3430,3.3680,0.0250,a4a811c07581528369a5c49bbfc2ea52990c1a216d4267d76502101388331788
109,2026-09-08 18:30:22.73+00,CAMBIX,casa_digital,3.3500,3.3600,0.0100,1a4ba60978ecad4cb0ce0f7b5de39a78bb1ea0a8215cd9cf341962c0553b07b1
110,2026-09-08 18:30:22.967251+00,REXTIE,casa_digital,3.3400,3.3700,0.0300,db64ed7e2b96619265643016e0e6bab7c1bd1bb0f38e1578e3fb68cff64c16e3
111,2026-09-08 18:30:23.116773+00,SUNAT,benchmark,3.3510,3.3720,0.0210,0c1682ad10f004c97315b3c0934e348891d3db369c6585fcbc947e08c37a0beb
112,2026-09-08 18:30:23.311163+00,AVG_BANKS,benchmark,3.6740,3.5190,-0.1550,14be9d8826a062e72dd6c5ad87db2eb54b8a5f5887ced83f22d5a1d5c72372d9
113,2026-09-08 18:30:23.482181+00,TKAMBIO,casa_digital,3.3400,3.3660,0.0260,0edfd83a2cc13fb8b4c19ea1978bdcd395ac425d4068bb5557579e557932d46e
114,2026-09-08 18:30:23.755294+00,TUCAMBISTA,casa_digital,3.3415,3.3655,0.0240,7836b8509227ea8f28bc73beaf63779dff8a2e517f60030cd2d27b56a5dfa3a6
115,2026-09-08 18:30:23.927651+00,KAMBISTA,casa_digital,3.3410,3.3660,0.0250,fddad839c74cd8328f221ee991fa3d6c4c6499ba2f1b1bc3da8912bfecd7bf8b
116,2026-09-08 18:45:18.003729+00,CAMBIX,casa_digital,3.3500,3.3600,0.0100,0baa8cda0a48508afee6d3423d0a8afd4044ecdd1cf426a17af89aa6e7a26eb9
117,2026-09-08 18:45:18.190783+00,REXTIE,casa_digital,3.3400,3.3700,0.0300,a35d26a6c3b25f0240c2ba9587e2a176e4c09c40593fc455cdc328649b1a187d
118,2026-09-08 18:45:18.462589+00,SUNAT,benchmark,3.3510,3.3720,0.0210,d26d96ebd65a15cb08025042ee462ca77e8b48b6b6620f0834ac25de26570098
119,2026-09-08 18:45:18.84622+00,AVG_BANKS,benchmark,3.6740,3.5190,-0.1550,a3cdeffbec42d2a942b9ea9e4ea70c0a32b35ba17e42459ae09d00e01b490da5
120,2026-09-08 18:45:21.347233+00,TKAMBIO,casa_digital,3.3400,3.3660,0.0260,117fb744970a6fc8892413a148c42234f1cf9cf2029e1a8f08ab1b1a3f1d805c
121,2026-09-08 18:45:23.085743+00,TUCAMBISTA,casa_digital,3.3400,3.3660,0.0260,e7fa668e83c237837c121eefa137ea0ac25de1bbd7e7f1a6a69eb2a0dfd62f5d
122,2026-09-08 18:45:23.813721+00,KAMBISTA,casa_digital,3.3390,3.3670,0.0280,edde6fc9ae09e17b86582b825c27f965f459353bb0f087bdd2575d78bf1337de
123,2026-09-08 19:00:33.604371+00,CAMBIX,casa_digital,3.3500,3.3600,0.0100,1f4b60eab221de266472a17359e1c0a0935c706d3bb876d4661a31e97699eb8a
124,2026-09-08 19:00:33.960704+00,REXTIE,casa_digital,3.3400,3.3700,0.0300,96122e635543217aa55db8dbcae7d273007b777ff236045516aac09bc7c32ad3
125,2026-09-08 19:00:34.343502+00,SUNAT,benchmark,3.3510,3.3720,0.0210,b28de4ae1f71d0b3cdd19212338e34f0b66986a966db851798678575cb4d30cd
126,2026-09-08 19:00:34.856471+00,AVG_BANKS,benchmark,3.6740,3.5190,-0.1550,d278409137e322622e9d588d883c08586af02dbed5970529ca15a496f64f0f0b
127,2026-09-08 19:00:35.031593+00,TKAMBIO,casa_digital,3.3400,3.3660,0.0260,f59f59d9f015cfcb6c248ccfe6e2e4c32b9aad79e972c6647d8f3f11b1b9f186
128,2026-09-08 19:00:36.568483+00,KAMBISTA,casa_digital,3.3380,3.3690,0.0310,2b635250ac0afdc2370883af1f672819cf832387b231978526f3bb79ab34062c
129,2026-09-08 19:15:30.278064+00,CAMBIX,casa_digital,3.3500,3.3600,0.0100,874e1ede65ccaec3f1af9ee907ce4c70ab47028a5c17cd8a5bf8133f6e597c57
130,2026-09-08 19:15:30.752717+00,REXTIE,casa_digital,3.3400,3.3700,0.0300,cf6cd0c9a3f997b064b486d19ca86a435f181d0c851edc9986252259a5bfebed
131,2026-09-08 19:15:30.949224+00,SUNAT,benchmark,3.3510,3.3720,0.0210,eff9325d4390ae67c729a8c809cad0186d0ed393be0537bf1f97dfb6723e55cc
132,2026-09-08 19:15:31.193037+00,AVG_BANKS,benchmark,3.6740,3.5190,-0.1550,a9d8e7f111e5ff6a937ffd62bbdf1436b41c07eabca67d4039d67d4193727e25
133,2026-09-08 19:15:31.369807+00,TKAMBIO,casa_digital,3.3400,3.3660,0.0260,9fdf83cef9cb23b72b24da24b22a409e70b31d55ad2df12fc1b3c4c002983903
134,2026-09-08 19:15:31.551996+00,KAMBISTA,casa_digital,3.3380,3.3690,0.0310,c5e48a8b566ad8f6520047699289ba758170a6b409a18274b640f8ab18a362fd
135,2026-09-08 19:30:36.27615+00,CAMBIX,casa_digital,3.3500,3.3600,0.0100,8e2a9c143268856bc32726fad01626e1840dbd9391b758ab3613aee687407009
136,2026-09-08 19:30:36.823401+00,REXTIE,casa_digital,3.3400,3.3700,0.0300,4c2073dc0eb665e8223b3fca4c0e9c3157793fe822b183807ca167079196534d
137,2026-09-08 19:30:37.135336+00,SUNAT,benchmark,3.3510,3.3720,0.0210,978deb216ec401534410ec5c3591f9fc5fdbd161bf4f5b7cca5cfbd0bb01fbd2
138,2026-09-08 19:30:37.350604+00,AVG_BANKS,benchmark,3.6740,3.5190,-0.1550,5eaae0fedf05c6bb8e69b9ac342a15f9ed552587a626b17f486fb189f3be10a7
139,2026-09-08 19:30:37.624344+00,TKAMBIO,casa_digital,3.3400,3.3660,0.0260,e1b25523f8f0f8ed2464adfdc55b2617b4360d13ffe9d97918f5fa1cda541986
140,2026-09-08 19:30:37.817738+00,KAMBISTA,casa_digital,3.3380,3.3690,0.0310,e5ced744d241db0eba650090f5bec377734f2f1986886acb787cf3dbeb479791
141,2026-09-08 19:34:20.954613+00,CAMBIX,casa_digital,3.3500,3.3600,0.0100,96b37ee4d7d4fae49f738b90b81c889da4f46874e9a2274352f03e710eabd097
142,2026-09-08 19:34:21.281196+00,REXTIE,casa_digital,3.3380,3.3680,0.0300,cebba106eeb28bdd3e9ace0754bbe884334e9ef445475034240163bd7ba3d151
143,2026-09-08 19:34:21.569747+00,SUNAT,benchmark,3.3510,3.3720,0.0210,36f0425ccc5149237f29f049f29babd5725588ad42c544cea74d35f1abe26651
144,2026-09-08 19:34:21.931228+00,AVG_BANKS,benchmark,3.6740,3.5190,-0.1550,b95306c76845f15ad5dba92d61f2de8d7652d4afbdced58cfe22a065930ebce8
145,2026-09-08 19:34:22.081849+00,TKAMBIO,casa_digital,3.3400,3.3660,0.0260,ccd45883198fe253d030b28f0ad80ab57c38ee8cac68fb34408e89175d5b9841
146,2026-09-08 19:34:22.462726+00,TUCAMBISTA,casa_digital,3.3400,3.3680,0.0280,4726c40f502c78d6360822be1eb85b04356926e969da83836a6730b705d4be66
147,2026-09-08 19:34:22.783974+00,KAMBISTA,casa_digital,3.3380,3.3690,0.0310,3e04b584d293573d59203c06c4e356179ce59143ceb5f5c1d3ebb51f80c1f24e
148,2026-09-08 19:45:28.632595+00,CAMBIX,casa_digital,3.3500,3.3600,0.0100,5745879e835adc304361010d751fe90e8c38b540dc66b8fae89f47d73de771fd
149,2026-09-08 19:45:28.958866+00,REXTIE,casa_digital,3.3380,3.3680,0.0300,7547446ea98217fe6638c3f361e4e27161bcecbc67d1d8a8f49c0e980821958b
150,2026-09-08 19:45:29.249617+00,SUNAT,benchmark,3.3510,3.3720,0.0210,efe98254f66a22b594c184f9635aea41361728555cc3ec51aaa1e6067b199369
151,2026-09-08 19:45:29.509846+00,AVG_BANKS,benchmark,3.6740,3.5190,-0.1550,1df2e5eb7d445231904eafb7ec5524ce01949ad922afcd1ed1253d26f1ac67a3
152,2026-09-08 19:45:29.701421+00,TKAMBIO,casa_digital,3.3400,3.3660,0.0260,26f23304466e81eb8f8ab915e94fa955c2490766144b0e729682843601f989b0
153,2026-09-08 19:45:29.987049+00,TUCAMBISTA,casa_digital,3.3400,3.3680,0.0280,9aed0bef7486f768ce963f2650a377691d16b060d0107c32382e30875c71b795
154,2026-09-08 19:45:30.30474+00,KAMBISTA,casa_digital,3.3380,3.3690,0.0310,f95663d8abb25576a0693941c8ed27d5bbfa5e672770a66914cebca381c00f7f
155,2026-09-08 20:00:27.025066+00,CAMBIX,casa_digital,3.3500,3.3600,0.0100,0eadf733acfe10d39f52862c769afc50f4ac4e5fe701eea29185fbf23c1b8af2
156,2026-09-08 20:00:27.421702+00,REXTIE,casa_digital,3.3400,3.3700,0.0300,46cbb03d5c4e6216c722b7b49789fc9b175a8feebfbbbccd28a27428cc3b5315
157,2026-09-08 20:00:27.541336+00,SUNAT,benchmark,3.3510,3.3720,0.0210,45e3b196080d2d3684ba59bc3a70f9585dbb871f9df08fcb170e2c496491160a
158,2026-09-08 20:00:27.66961+00,AVG_BANKS,benchmark,3.6740,3.5190,-0.1550,3f79932e543a1040f5a4ab2010f08a845bcba022bd8dda37a7b9333fa466b289
159,2026-09-08 20:00:27.767508+00,TKAMBIO,casa_digital,3.3400,3.3660,0.0260,cec5eb2b91d320d14c33ba0ab4f3bef3080726e03f84c09d11e54a1d43dd3fc5
160,2026-09-08 20:00:28.396333+00,TUCAMBISTA,casa_digital,3.3400,3.3680,0.0280,904716ab56a4ea07b9f88eeca165bb66c0803fa85ff09874cb3383c76dd8b4c3
161,2026-09-08 20:00:28.50538+00,KAMBISTA,casa_digital,3.3380,3.3690,0.0310,d34d3acee9f58ddc98ee70523c3cc97931807f2a6af00abd3f9e5447a6e10ce4
162,2026-09-08 20:15:20.201138+00,CAMBIX,casa_digital,3.3500,3.3600,0.0100,bcbdb329f57dba19a2a260c98289a0c72e6941be928b5db76467ef0cb5453f33
163,2026-09-08 20:15:20.449282+00,REXTIE,casa_digital,3.3400,3.3700,0.0300,37fa33768e13a5c930b0932b853e8d6471fcaaca15ce5e84b2b25446ec7cc7f3
164,2026-09-08 20:15:20.871086+00,SUNAT,benchmark,3.3510,3.3720,0.0210,c9cb6f255bb3c0869d18d527a05a889fa9ce086958c5df7fbc01397d8f801d79
165,2026-09-08 20:15:21.11835+00,AVG_BANKS,benchmark,3.6740,3.5190,-0.1550,ae41339d221c645a5b07604638af4a890193938a855838d2a618366fe3afc386
166,2026-09-08 20:15:21.346192+00,TKAMBIO,casa_digital,3.3420,3.3680,0.0260,a7ee7c0489b5b14fb0a73b1b43cd8187d8b3e2493f5fbb0568e0fa4574135c53
167,2026-09-08 20:15:21.508472+00,TUCAMBISTA,casa_digital,3.3400,3.3680,0.0280,b17fc0f54a614e6fba72ba5f5ea7bdd2b2b26f58bae3be607b99433fd6f45ba8
168,2026-09-08 20:15:21.645665+00,KAMBISTA,casa_digital,3.3380,3.3690,0.0310,aeb333d2d27f6f7b789d529b8c7abee369ac2735e8344ddcdc11bfc0b5e80e93
169,2026-09-08 20:30:23.192902+00,CAMBIX,casa_digital,3.3500,3.3600,0.0100,51219e68e84b3ef28d963a9a052a6161a6ea32d20aa58726ebe4923da5513f97
170,2026-09-08 20:30:23.619694+00,REXTIE,casa_digital,3.3400,3.3700,0.0300,5a505df5b15a2f596016064ec6cec0a319533e465258bcb6851038df5332fc97
171,2026-09-08 20:30:23.804955+00,SUNAT,benchmark,3.3510,3.3720,0.0210,75b0494dded1a6a733b807a0a9fdd2e77481a0a9bf79b60fe13b4e725239f049
172,2026-09-08 20:30:24.062362+00,AVG_BANKS,benchmark,3.6740,3.5190,-0.1550,9b8396012ca0b6b73651a6877c174369fad52119c4bd5c1d4c919f0f3b3ffb1f
173,2026-09-08 20:30:24.27576+00,TKAMBIO,casa_digital,3.3420,3.3680,0.0260,948b3254bbcf1440726e10a7aacab113ed78c7fc6a9fe3807678dd95e0b00e53
174,2026-09-08 20:30:24.419042+00,TUCAMBISTA,casa_digital,3.3400,3.3680,0.0280,e827e9fff240eeec840670b89e7b1a36cd81e872550aa92b642c9f59b69ca514
175,2026-09-08 20:30:24.615207+00,KAMBISTA,casa_digital,3.3380,3.3690,0.0310,c101912ea353a26b7d6abf7fe1a2d167c96ea72f78d668ae1df870322a791530
176,2026-09-08 20:45:18.627617+00,CAMBIX,casa_digital,3.3450,3.3650,0.0200,b88fb8e7ce30b751dcf576730c2a9be5e16812734c6533ff41a43a3cc0501a02
177,2026-09-08 20:45:18.98063+00,REXTIE,casa_digital,3.3400,3.3700,0.0300,66b55b3b99dff3673040c3fab71ce44f24d454357d4a3e512d7a505c77d506d1
178,2026-09-08 20:45:19.12298+00,SUNAT,benchmark,3.3510,3.3720,0.0210,53abd3e85577ac9c63c374eaea5ed467a5cf619e0e2ae8d6edcc074c64409219
179,2026-09-08 20:45:19.268918+00,AVG_BANKS,benchmark,3.6740,3.5190,-0.1550,06120aa9f934d15ee2ab19e344b59628cfcf03cff534060bb49fff809a7dcb23
180,2026-09-08 20:45:19.434408+00,TKAMBIO,casa_digital,3.3420,3.3680,0.0260,596f88c4913168a2d84530c596c5073d74a2b17dfa99e1e05dc37ac124dea020
181,2026-09-08 20:45:19.600017+00,TUCAMBISTA,casa_digital,3.3400,3.3680,0.0280,adbc27c9f4bfbb0e2be189dba8e1dc9d5478609da2e9b9ec68ee337ebde8081a
182,2026-09-08 20:45:19.847047+00,KAMBISTA,casa_digital,3.3380,3.3690,0.0310,6facdea1fc51c657b9fd0cf4c68f6c92e340b7bda800995975ef34b29b9f9478
183,2026-09-08 21:00:22.99833+00,CAMBIX,casa_digital,3.3450,3.3650,0.0200,2c29458199cf5210a726fe99587e3d59a8cd61f2e9eb164736081296a0087960
184,2026-09-08 21:00:23.370144+00,REXTIE,casa_digital,3.3400,3.3700,0.0300,2cde99c75f3b5ad0271ac9188c710942c5105c81f7ff00bcb5899978a60840b1
185,2026-09-08 21:00:23.564086+00,SUNAT,benchmark,3.3510,3.3720,0.0210,9f725f59644635215385cdae5cbc39c9aa24b10bd2325a270abe4a17410a3bf4
186,2026-09-08 21:00:23.849431+00,AVG_BANKS,benchmark,3.6740,3.5190,-0.1550,64ed022f3d4748ec3d4231eb312322f5d7ae750f20f006e9848a346a3f6049c8
187,2026-09-08 21:00:24.258073+00,TKAMBIO,casa_digital,3.3420,3.3680,0.0260,07b207de5ea84ecea9d66b845bbd47a719907671f1712ad21b93de5978eb8520
188,2026-09-08 21:00:24.424767+00,TUCAMBISTA,casa_digital,3.3400,3.3680,0.0280,5eb0f4de0f02138074f019fa4d4ca7f6837d13508ed36f44a6382368a80fcd2a
189,2026-09-08 21:00:24.821671+00,KAMBISTA,casa_digital,3.3380,3.3690,0.0310,64a7f0a76a2f4f6b0108f10a36826c81b6d1cd16f76a77dc793b53171f5527e0
190,2026-09-08 21:15:19.959609+00,CAMBIX,casa_digital,3.3450,3.3650,0.0200,ee1a9ba25bfb8c42c3482d313c0d162658b081f894e6c139507fc3cfcd2aa17f
191,2026-09-08 21:15:20.274019+00,REXTIE,casa_digital,3.3400,3.3700,0.0300,cee907ecbb6c3300ca200e5f09b634bd3619cd576dd18c139a888e8b84322d2a
192,2026-09-08 21:15:20.407703+00,SUNAT,benchmark,3.3510,3.3720,0.0210,67b18f99682e6f820ae2a8498368fa6270f67de54c0084f731936f562cae999a
193,2026-09-08 21:15:20.527261+00,AVG_BANKS,benchmark,3.6740,3.5190,-0.1550,cb0e19e1c9ddc5a804cf530b0b35767c33fd10435a609f47bdaec262dcd8ebf4
194,2026-09-08 21:15:20.632453+00,TKAMBIO,casa_digital,3.3420,3.3680,0.0260,693e6f51301bfbed5492d3c5eecfe250a72ae0817140ca29eba601ba1b0af929
195,2026-09-08 21:15:20.785757+00,TUCAMBISTA,casa_digital,3.3400,3.3670,0.0270,6e62d14487ab8cc8d4058e7f954161a3f110f7d04bcbe804f4f6e0c9cc9ae052
196,2026-09-08 21:15:20.906286+00,KAMBISTA,casa_digital,3.3380,3.3690,0.0310,d3248560e6f811b873e7057278560e31a05b0ed1a869657fa47c400af966cd82
197,2026-09-08 21:30:20.683544+00,CAMBIX,casa_digital,3.3450,3.3650,0.0200,1530cbc197b4e0bce34d631116fb3d132fc89b69b501daed2937dc38cb5a85d9
198,2026-09-08 21:30:20.901316+00,REXTIE,casa_digital,3.3400,3.3700,0.0300,c3eadf2565c222815eb4b5b118c14241717c3e534f7a1ff425a43ca913c4ee89
199,2026-09-08 21:30:21.365679+00,SUNAT,benchmark,3.3510,3.3720,0.0210,9ebbbfad321b17d2f7dac4b2987735e2b41605de452a5a1c9a71e6bc20c256f0
200,2026-09-08 21:30:22.74512+00,AVG_BANKS,benchmark,3.6740,3.5190,-0.1550,b1e719befd8d425ad872a7af0499a2ac82d367ac7fc538932ad30e2a785357e5
201,2026-09-08 21:30:31.180336+00,TKAMBIO,casa_digital,3.3420,3.3680,0.0260,a5216fef6f6e29fc380e027fb050ffee11145096b64110d37dec0ca31571f347
202,2026-09-08 21:30:32.268056+00,TUCAMBISTA,casa_digital,3.3400,3.3670,0.0270,63915ebd31fa410e190c6dd9aa529961963bff99d6aa4fab0d7f7b91422f1b4c
203,2026-09-08 21:30:32.580355+00,KAMBISTA,casa_digital,3.3380,3.3690,0.0310,bc5cc3c5a264afcf64b30a2e402cc60f9e58b56cc75601ccef751a1d28dfb10d
204,2026-09-08 21:45:19.357085+00,CAMBIX,casa_digital,3.3450,3.3650,0.0200,5f97d7599ba206e17b4f83b47e27ee1c40e91303e5b1ecc4091394ee763e89fe
205,2026-09-08 21:45:19.709981+00,REXTIE,casa_digital,3.3400,3.3700,0.0300,b369b50388b1274b36693ddd6ad1cf6c1d516573677d6013a2b61c783538130d
206,2026-09-08 21:45:19.995876+00,SUNAT,benchmark,3.3510,3.3720,0.0210,9b463cb1eb635029e0163f5fa24da8fdeffd8f9e7c2bb4d0aa259c55f6490354
207,2026-09-08 21:45:20.31202+00,AVG_BANKS,benchmark,3.6740,3.5190,-0.1550,555988b3a75923a9e715e2b37e4303bfc5f1df13def71c179ca84f9ad456cd55
208,2026-09-08 21:45:20.484181+00,TKAMBIO,casa_digital,3.3420,3.3680,0.0260,d058dc89b2bf17575f89829156cd411fb5e35fd9781a2db039039e4782032502
209,2026-09-08 21:45:20.939741+00,TUCAMBISTA,casa_digital,3.3400,3.3670,0.0270,f596764ad5c8249acc11becc521ce29d39cf95c5a0f272165cbc75bd21370357
210,2026-09-08 21:45:21.251925+00,KAMBISTA,casa_digital,3.3380,3.3690,0.0310,ebb4d440791984be7e5abd2e321a8f199ba043d02f5a718c512b7619845c8667
211,2026-09-08 22:00:25.219261+00,CAMBIX,casa_digital,3.3450,3.3650,0.0200,fed9442d524f3e4932ee13aab285118ad1cb048f62b28fe7733278e2e71a3937
212,2026-09-08 22:00:25.395362+00,REXTIE,casa_digital,3.3400,3.3700,0.0300,23126e64a19a25b41c800a2d9e825a21f36fb390d394a9eb1ed5f90ef0470324
213,2026-09-08 22:00:25.520865+00,SUNAT,benchmark,3.3510,3.3720,0.0210,9bdc8393c24334236cb74dc96c999ceac1e781c022b53a31abda4a9e60e1d9ba
214,2026-09-08 22:00:25.648766+00,AVG_BANKS,benchmark,3.6740,3.5190,-0.1550,17655875e141305ad1748fbef2e719ffd07df0df00912c9337475b09b82b2d17
215,2026-09-08 22:00:25.750072+00,TKAMBIO,casa_digital,3.3420,3.3680,0.0260,b086e4f2c6d17b324f9eceed91616f6bf8710e9c0d492355d43fcbe655008c40
216,2026-09-08 22:00:27.796201+00,TUCAMBISTA,casa_digital,3.3400,3.3660,0.0260,fc3fb76c678f4f451d4329404f775450950c0a13eecb3092d9b179455d105bb4
217,2026-09-08 22:00:27.961094+00,KAMBISTA,casa_digital,3.3400,3.3690,0.0290,62275a91857531cedb1f37ed8fd7a2e9db7fced673a9344337718fde7fa63d24
218,2026-09-08 22:01:00.769252+00,CAMBIX,casa_digital,3.3450,3.3650,0.0200,02c6229b5a3715fdf1d4bbd1b0fd77a0b37a31836742fbbafd109cbbdad09493
219,2026-09-08 22:01:01.075608+00,REXTIE,casa_digital,3.3400,3.3700,0.0300,d433387a173c0c7e2d93d6d3bed315e632eb04559ef34fc0ac57ee0552f91e53
220,2026-09-08 22:01:01.343556+00,SUNAT,benchmark,3.3510,3.3720,0.0210,4b26339082c5d0ba5dd4542e8794799ee2fc5bf9caac3433f1f7452c0aec255f
221,2026-09-08 22:01:01.499983+00,AVG_BANKS,benchmark,3.6740,3.5190,-0.1550,8e17c1ee9f2ab099cfd653807230d6ed3965d6b80a66f42afd753d469430c871
222,2026-09-08 22:01:01.807065+00,TKAMBIO,casa_digital,3.3420,3.3680,0.0260,f564de090f35c9b0d1eab939a6cefab95c8955d7ab7c3d7a0e26e85b8e1db4fc
223,2026-09-08 22:01:02.080403+00,TUCAMBISTA,casa_digital,3.3400,3.3660,0.0260,b1b41e94f4060f254b3eae5694e8ca1df569d240ec1da90016cd1020ab7e7c21
224,2026-09-08 22:01:02.350699+00,KAMBISTA,casa_digital,3.3400,3.3690,0.0290,e523370fe0bef8eda8b260ffa9da4a7b88610a20e832c5a5a66ee0d5f31f1f5f
225,2026-09-08 22:15:18.65628+00,CAMBIX,casa_digital,3.3450,3.3650,0.0200,9c41a8f999dd73c9400ce02bf31b07d9558654f88a78065ce3c98ed0a14ccebb
226,2026-09-08 22:15:18.967826+00,REXTIE,casa_digital,3.3385,3.3715,0.0330,a2317730b70547dac23e93d930f3bb1511e45dee683597d54eaf1ea720c5c5e7
227,2026-09-08 22:15:19.440325+00,SUNAT,benchmark,3.3510,3.3720,0.0210,19a4aaed98b9d71706f6ec04ddf5db91c93ad75011e4061766738501e7683af4
228,2026-09-08 22:15:19.579169+00,AVG_BANKS,benchmark,3.6740,3.5190,-0.1550,956a86f5bf5cd71e832d524c242a89b69b10176ce8060a68513f72a4e1c5eb3a
229,2026-09-08 22:15:19.737861+00,TKAMBIO,casa_digital,3.3420,3.3680,0.0260,6694625787e64664af08fa322c804824bf04813bd3ed7095d95959c86c19d6a7
230,2026-09-08 22:15:19.871495+00,TUCAMBISTA,casa_digital,3.3400,3.3660,0.0260,e9deb3f74e78b646b2efeadd3f5c85481d539b874b6bba5ca2113225d7927504
231,2026-09-08 22:15:20.021175+00,KAMBISTA,casa_digital,3.3400,3.3690,0.0290,3ef46275f53d4b98ebec6570d3eb862d47cb3460e53ea8cb0348fdd9f384959f
232,2026-09-08 22:30:23.168469+00,CAMBIX,casa_digital,3.3400,3.3800,0.0400,97ffa594b4daeb80fa510506764e431b70ce8dffaefa51db5de0f242b1983924
233,2026-09-08 22:30:23.519251+00,REXTIE,casa_digital,3.3385,3.3715,0.0330,ed94e2eca4c080a8d619efe5317720ff4587fe37fb4cfb18dfcb907180754cf3
234,2026-09-08 22:30:23.664215+00,SUNAT,benchmark,3.3510,3.3720,0.0210,b2a374a7780e1b4ac8ee57a92ac51881907bb851bef5dac75df3be9eb2b12fa0
235,2026-09-08 22:30:23.858975+00,AVG_BANKS,benchmark,3.6740,3.5190,-0.1550,4e9c7aac8be51eb77bf086d9901c8a20e048f2f55423e977c7274769075bd180
236,2026-09-08 22:30:24.001308+00,TKAMBIO,casa_digital,3.3420,3.3680,0.0260,20c04dbb5fbade574c8792a9871153b2b7f3c7c16f31ff953a29838ff379e790
237,2026-09-08 22:30:24.213452+00,TUCAMBISTA,casa_digital,3.3400,3.3660,0.0260,e661223091ba5434412dc64e261a76a5c26a54e1b064db0664acb29126b913bd
238,2026-09-08 22:30:24.434254+00,KAMBISTA,casa_digital,3.3400,3.3690,0.0290,93893c5b759af38680168feab5a4b9112b70cd019c05aef382951bb84ef3387a
239,2026-09-08 22:45:19.793428+00,CAMBIX,casa_digital,3.3400,3.3800,0.0400,3da0d83c2df00345524bf3c3a31d434bff6aeb5dcf1b31763f9269c1fa034c07
240,2026-09-08 22:45:20.070795+00,REXTIE,casa_digital,3.3385,3.3715,0.0330,f659aee06fbff9701d1f78f0876b1e2a848e2176a8a12984fd2d2bd0f8dfb966
241,2026-09-08 22:45:20.207174+00,SUNAT,benchmark,3.3510,3.3720,0.0210,e0375514c5e41faef84f997f28af8187c284e79087352d7f5f2dd13162c23dcf
242,2026-09-08 22:45:20.36582+00,AVG_BANKS,benchmark,3.6740,3.5190,-0.1550,844ff6fe47ff78dc16ede92cf6cef7c3b042eba66946342e2f3a13490cd3df14
243,2026-09-08 22:45:20.502294+00,TKAMBIO,casa_digital,3.3420,3.3680,0.0260,f2106dafc63ac9f4ad43743496ce72b3640f8f460317cce1830bd9f576ac0b14
244,2026-09-08 22:45:21.070222+00,TUCAMBISTA,casa_digital,3.3400,3.3660,0.0260,f4bbbd2a001ae40e3f248b138cd070b6d4c66961f326f43819181c3d7d40b9bb
245,2026-09-08 22:45:21.179961+00,KAMBISTA,casa_digital,3.3390,3.3700,0.0310,c46350d0e05b1f72ec3ab7f1d7360f4b5ab9a8fd68a4f64f8194aeb650318e17
246,2026-09-08 23:00:21.84745+00,CAMBIX,casa_digital,3.3400,3.3800,0.0400,b4213ce9c4fbabe9474e9f60f6e06a219e6764a2861693ca4602ac827aed94c6
247,2026-09-08 23:00:22.249227+00,REXTIE,casa_digital,3.3385,3.3715,0.0330,fc89ff9514153cf6ad3d8ea79fcacbb961875830d145f72ee3f13a4d1c99368b
248,2026-09-08 23:00:22.525957+00,SUNAT,benchmark,3.3510,3.3720,0.0210,5395712b9902c7c96bc8db9f80735024121f524af4dbe9eb74349f52275a61ae
249,2026-09-08 23:00:22.811007+00,AVG_BANKS,benchmark,3.6740,3.5190,-0.1550,9388c6e81114a7e2f9fb31505ff401668b97b394f85249f2730ae665e9960c13
250,2026-09-08 23:00:22.951972+00,TKAMBIO,casa_digital,3.3420,3.3680,0.0260,b1d908f7239a5a370810baabe85045627a67a50e91bb06e3b393dde817ce0130
251,2026-09-08 23:00:23.225297+00,TUCAMBISTA,casa_digital,3.3390,3.3660,0.0270,6281f3d8cdd83570976ada1282da2688e3f95fd0916e9e7ed9d53232e25416fa
252,2026-09-08 23:00:23.430607+00,KAMBISTA,casa_digital,3.3390,3.3700,0.0310,36c0cc7f6e31121bee68f9947c6d8bf92e8da441f5e3e728a8fca15addd2fc27
253,2026-09-08 23:15:19.385897+00,CAMBIX,casa_digital,3.3400,3.3800,0.0400,bd3f60a2eee44defb8a4eddff61beb10835f9be63fd4cc3fb52a6f7901759d5e
254,2026-09-08 23:15:19.628336+00,REXTIE,casa_digital,3.3385,3.3715,0.0330,0ddc42ac0568b7740acefbb5b1834aa89c52925e97c98115cbad2b81fa2451f9
255,2026-09-08 23:15:19.849652+00,SUNAT,benchmark,3.3510,3.3720,0.0210,d12654de90fa6e86641ac73b2b70b52f1c5df61a7458dd404662ecf57f64a22b
256,2026-09-08 23:15:20.156675+00,AVG_BANKS,benchmark,3.6740,3.5190,-0.1550,b3e9c0179ffb7fb6c213fe9e13427f14078dda9fb8497222f0d4ea37d18e9fe4
257,2026-09-08 23:15:20.50413+00,TKAMBIO,casa_digital,3.3420,3.3680,0.0260,b728a37b045acade5fc2c9f33b6d05e8a38f1a8d7b9d7c852eaee3f08a18fae8
258,2026-09-08 23:15:20.674319+00,TUCAMBISTA,casa_digital,3.3390,3.3690,0.0300,fe39098b0813e5879a8162934a716104e1e1fb29320e402733923e5f4c7be771
259,2026-09-08 23:15:20.857153+00,KAMBISTA,casa_digital,3.3390,3.3700,0.0310,ba1a2d6ce252c67f340e5cca8cc3bd365bb95f4f58e78ab5a26483931eb70712
260,2026-09-08 23:30:55.579748+00,CAMBIX,casa_digital,3.3400,3.3800,0.0400,9f885728bc658c350144378f008a8acfdf531810df50a1635a94d0a6bdafdb8c
261,2026-09-08 23:30:56.000419+00,REXTIE,casa_digital,3.3385,3.3715,0.0330,d31f0a961831813ac5ddb4f6c29b4e92e9a6cea4bbb853a5f45d083cf7abdc3d
262,2026-09-08 23:30:56.331359+00,SUNAT,benchmark,3.3510,3.3720,0.0210,a4187904a4135fb222d56b344061c2ccc03bbbf945c3f00efecd921b262a1d9b
263,2026-09-08 23:30:56.726479+00,AVG_BANKS,benchmark,3.6740,3.5190,-0.1550,e84d280fac6318407cb83aef65aa7830776a5993adfe458837f3114042739a9d
264,2026-09-08 23:30:56.858768+00,TKAMBIO,casa_digital,3.3420,3.3680,0.0260,21d631e6dbcaec15c63812327ce59ea8e20bf7bd610807d2da48e0423808dee9
265,2026-09-08 23:30:57.199974+00,TUCAMBISTA,casa_digital,3.3390,3.3690,0.0300,a380fd122d26a4c9ce9caa28320460e220784c0f2c4a4f320123a414ea80faf2
266,2026-09-08 23:30:58.996394+00,KAMBISTA,casa_digital,3.3390,3.3700,0.0310,2ced068c6885c324a7aa73546c6383b3b4e8c71fe17aa73661480955e4db8a54
267,2026-09-08 23:45:20.498543+00,CAMBIX,casa_digital,3.3400,3.3800,0.0400,0c9cdec701e162ffc8759ec35f48f82da7dfeaa04b6e6aefaf49f7fe2b2f7574
268,2026-09-08 23:45:20.750185+00,REXTIE,casa_digital,3.3385,3.3715,0.0330,dd8a51b8228f5cb1824bd2754d11a9fefe73172de1d62aa15c3679f879330fd4
269,2026-09-08 23:45:20.916992+00,SUNAT,benchmark,3.3510,3.3720,0.0210,12d853af76af8dff5f28a243dbbee5128dc380a194ef6590f21c7c4589f54fe6
270,2026-09-08 23:45:21.180715+00,AVG_BANKS,benchmark,3.6740,3.5190,-0.1550,4ffadffa158518f8be8c8f989bbf1c15f2c8e4facf6aa4f96950a73b6ae017f1
271,2026-09-08 23:45:21.390291+00,TKAMBIO,casa_digital,3.3420,3.3680,0.0260,884214490d7d3fc3a8586f9e6041230adf25033b2a1c9a2a649a8ff014ecd813
272,2026-09-08 23:45:21.545613+00,TUCAMBISTA,casa_digital,3.3390,3.3690,0.0300,a5bd14bb710d0d787e82128d89b4372a00e9e202b5ddcc841ef46acfbd5aed56
273,2026-09-08 23:45:21.745192+00,KAMBISTA,casa_digital,3.3390,3.3700,0.0310,7594a6007228579623562858c71b4b60e93532324b00c1f47dbce70ed6677c16
274,2026-09-09 00:00:23.89097+00,CAMBIX,casa_digital,3.3400,3.3800,0.0400,9760c6ab51f4ac9bb4082d4d539e96a6888abfc56605e6f0a695cbb797f2ea82
275,2026-09-09 00:00:24.224159+00,REXTIE,casa_digital,3.3385,3.3715,0.0330,ca758eed8bb75466e2e46f6e346792bcb14451d16a9738bd52625c3ed0286e24
276,2026-09-09 00:00:24.550282+00,SUNAT,benchmark,3.3510,3.3720,0.0210,30ac4c73d5ac9ca5a57f386c7db3331f89cd1e38a8457e7be192de6195e5dd97
277,2026-09-09 00:00:25.674871+00,AVG_BANKS,benchmark,3.6740,3.5190,-0.1550,962987103ec491c716f917e9033d6acb82fc266e9c73dcd1552bfe97d17eed99
278,2026-09-09 00:00:26.650774+00,TKAMBIO,casa_digital,3.3400,3.3700,0.0300,91690f773315d90c0d760a8cbf5c846573871070f5559dcd30b7b745a31a0121
279,2026-09-09 00:00:27.234225+00,TUCAMBISTA,casa_digital,3.3390,3.3690,0.0300,42a1d9245ab9bab0db2a0935dcde5555f679f13eca52639b57a7a1fd6d9963fa
280,2026-09-09 00:00:27.499482+00,KAMBISTA,casa_digital,3.3370,3.3720,0.0350,b7f5f86084456caf325cdc46556cbb2155a96fccc5e23716fcb1fd4ab2035282
281,2026-09-09 00:09:53.304268+00,CAMBIX,casa_digital,3.3400,3.3800,0.0400,be6d3eef5a5c6646bd71bb884cca39f4ed85727223b4ef3e1a11ef1e11b5ea65
282,2026-09-09 00:09:53.708372+00,REXTIE,casa_digital,3.3385,3.3715,0.0330,b1d6b3b36c813f7f6e87f8b4f1d42eebdb03c58a164de17c26a2affe1005a5df
283,2026-09-09 00:09:53.991238+00,SUNAT,benchmark,3.3510,3.3720,0.0210,6828e1a55f078173175122f16556960886e53f5d36597a14e9247ca75b6fed33
284,2026-09-09 00:09:54.372918+00,AVG_BANKS,benchmark,3.6740,3.5190,-0.1550,c7e001af6315222c03248eea1fe57b8a113db41cb996347f5a4d644fdb95b370
285,2026-09-09 00:09:54.726299+00,TKAMBIO,casa_digital,3.3400,3.3700,0.0300,358e13d3cde7dff8a7689505e8f7339b335f48d212eebbb921531746fb5d1256
286,2026-09-09 00:09:55.079132+00,TUCAMBISTA,casa_digital,3.3390,3.3690,0.0300,2c5f913f918d8c267b7beba910bf00d76dfae23de140972c5f6fdb8d101d0d19
287,2026-09-09 00:09:55.359004+00,KAMBISTA,casa_digital,3.3370,3.3720,0.0350,7b06834ec4dd2d8550dec2b11196a2c3125700fabb4c18d082928fa0a82cca72
288,2026-09-09 00:15:19.770969+00,CAMBIX,casa_digital,3.3400,3.3800,0.0400,53c592c07428639149b7a3d2eb10c7d21c9bf59c4cfc5104cb5a6132d8acf754
289,2026-09-09 00:15:20.088312+00,REXTIE,casa_digital,3.3385,3.3715,0.0330,f44e020ac737df9079edf384024f0e627f85fdaaa527c830fd946ba5aec7203e
290,2026-09-09 00:15:20.367663+00,SUNAT,benchmark,3.3510,3.3720,0.0210,8ece858cc7c45a097795f76fa03057dbcaf077c4fb903fc1082610e1e221125a
291,2026-09-09 00:15:20.712594+00,AVG_BANKS,benchmark,3.6740,3.5190,-0.1550,defcfd0f3be965e866ac572a37704a425dec42dff45d7d27ffa5b1595425f111
292,2026-09-09 00:15:21.03419+00,TKAMBIO,casa_digital,3.3400,3.3700,0.0300,164d7d8dcef7c1b3a5c83340fe81c1f089158e81f26bd806e4cc9768ab914d22
293,2026-09-09 00:15:21.177268+00,TUCAMBISTA,casa_digital,3.3390,3.3690,0.0300,0dc236f00994531ccbfb9e3d81881c7650592fe91e3ffd2db28e2d8e6bcf2d32
294,2026-09-09 00:15:21.351135+00,KAMBISTA,casa_digital,3.3370,3.3720,0.0350,4432ce9226a887b7f6f9130be445fc1d977b5c81a976236fb790e07b64357bcc
295,2026-09-09 00:30:19.711879+00,CAMBIX,casa_digital,3.3400,3.3800,0.0400,0566af68b15235c05bb9299aa8e21a7ab28bb43182c333fa2e48ead51afabb98
296,2026-09-09 00:30:20.092464+00,REXTIE,casa_digital,3.3385,3.3715,0.0330,43013b418f6791e5e61f9e79096153af8e6244403b1727221b40aa1f904c0d49
297,2026-09-09 00:30:22.17462+00,SUNAT,benchmark,3.3510,3.3720,0.0210,6c1008efeac473bdbc2d49638eb404a71627dc4493a44bada011ad5dae4b045f
298,2026-09-09 00:30:22.544769+00,AVG_BANKS,benchmark,3.6740,3.5190,-0.1550,b69f777568af1cf064bd2b2b6e3a4fad38b59a71261a4924c2f3bba1805748f7
299,2026-09-09 00:30:24.571462+00,TKAMBIO,casa_digital,3.3400,3.3700,0.0300,cffb4f49c6fbf6f3bee1d65d2f5af55ede5e9e59b98fce5209b4ed8d9f688c11
300,2026-09-09 00:30:25.559595+00,TUCAMBISTA,casa_digital,3.3390,3.3690,0.0300,198362cfd13f1cd37e4aa5e0b845583ecf3b824b24bfc987a98c08eb8c3d07c2
301,2026-09-09 00:30:25.927545+00,KAMBISTA,casa_digital,3.3370,3.3720,0.0350,4c1cc8f012c3eb241345db5853b40228472e306b00e8b363c838c95f78991fef
302,2026-09-09 00:45:18.095203+00,CAMBIX,casa_digital,3.3400,3.3800,0.0400,6e0e4997775049c8f55e0da562a4a81c6cf5f311b3cab1d0cb53005c6943283a
303,2026-09-09 00:45:18.318955+00,REXTIE,casa_digital,3.3385,3.3715,0.0330,2b629604f2a69969e2315bc1f0a9cba88954a13830e9402bb68a9e95531aaf5a
304,2026-09-09 00:45:18.539924+00,SUNAT,benchmark,3.3510,3.3720,0.0210,651566b974a0dcd7dbeb46ff3c5a38318e8006a72c0d8f98031afb48f2912711
305,2026-09-09 00:45:18.74163+00,AVG_BANKS,benchmark,3.6740,3.5190,-0.1550,1bcddf94209e73f835744c3300a3862c220769d327c9574ab863e4d7fb7dfe07
306,2026-09-09 00:45:18.937902+00,TKAMBIO,casa_digital,3.3400,3.3700,0.0300,8ffd405d0a7e457b5c95e8824f221a88615b27c2a5973070ddea87c3f9477a5c
307,2026-09-09 00:45:19.151795+00,TUCAMBISTA,casa_digital,3.3390,3.3690,0.0300,efaa023b3e5c47f8b219def1e275c1df31cd468ccb5d877f893e1b8765ed3c1a
308,2026-09-09 00:45:19.432892+00,KAMBISTA,casa_digital,3.3370,3.3720,0.0350,77c3f985d01b12eab0042d67b2541fba30b1ccaa4c07d677ac6808a63b278fe8
309,2026-09-09 01:00:27.850646+00,CAMBIX,casa_digital,3.3400,3.3800,0.0400,b551f632f7645e2b3898670c55c40d3d04078fe67c67d40ae3f6d0069d424c08
310,2026-09-09 01:00:28.184519+00,REXTIE,casa_digital,3.3385,3.3715,0.0330,f931c3589a49f2629634d4a31b5cd6bbc0dd03c73a75cec9236bc9b9ed5534dc
311,2026-09-09 01:00:28.501587+00,SUNAT,benchmark,3.3510,3.3720,0.0210,7bcc35bdbc42708fec0bf47693a85242a5a584e67c1fe9381923daf732cbe4e3
312,2026-09-09 01:00:29.149543+00,AVG_BANKS,benchmark,3.6740,3.5190,-0.1550,ed66e17f151d3033178dc288da3cab7ae0cff5d22a856fc3f2171403867ccfbf
313,2026-09-09 01:00:29.616671+00,TKAMBIO,casa_digital,3.3400,3.3700,0.0300,a8a36d24b4b3768112803aadb8e897841069c5986b0f56ed1710acb6a10a1e1f
314,2026-09-09 01:00:29.814849+00,TUCAMBISTA,casa_digital,3.3390,3.3690,0.0300,585a2ad1b636ad6a83772af474f9ce28f79bc81b58442f151af045ee19f531a1
315,2026-09-09 01:00:30.131023+00,KAMBISTA,casa_digital,3.3370,3.3720,0.0350,4ae0dca33014b72102c17d669e3245cbb3ff7d14c6e6e07cd8419e2840d16ab3
316,2026-09-09 01:15:18.844055+00,CAMBIX,casa_digital,3.3400,3.3800,0.0400,6195f53e46b36e568cde478a89c6965dc6d1c65fb06be45f096610edb0b8d63a
317,2026-09-09 01:15:19.184309+00,REXTIE,casa_digital,3.3385,3.3715,0.0330,d2b8da2364453aeed38526f76897cf1e82a7f470f8aca1951652b3d0faf306cf
318,2026-09-09 01:15:19.523074+00,SUNAT,benchmark,3.3510,3.3720,0.0210,a8361efb32cc6dc11e72555ec9bb8a18bb709429b0d9976d325ad15f4886cdcf
319,2026-09-09 01:15:19.823333+00,AVG_BANKS,benchmark,3.6740,3.5190,-0.1550,e51ad67b025bc9b31f267921d08cdee29e3e5e2e90a8229683a2b9a959be7034
320,2026-09-09 01:15:20.164914+00,TKAMBIO,casa_digital,3.3400,3.3700,0.0300,5ac95eceeec0ab77034d5904e3feae91949cfe3aa30025a5ef005f45c3ef3cb5
321,2026-09-09 01:15:20.551417+00,TUCAMBISTA,casa_digital,3.3390,3.3690,0.0300,470b5c79592403c3f3719eba171faddcf9ba0ed8676fe83e7155ca157965e75d
322,2026-09-09 01:15:20.755914+00,KAMBISTA,casa_digital,3.3370,3.3720,0.0350,8499c4c8371de67de7097c69701931bea37c1e912b2e4c577c9da8692bf4d9dd
323,2026-09-09 01:30:19.06015+00,CAMBIX,casa_digital,3.3400,3.3800,0.0400,25e94c9bb3e43b8496ff5624cd1128a753c5a523d90d8d12d65d6345f78419cf
324,2026-09-09 01:30:19.272732+00,REXTIE,casa_digital,3.3385,3.3715,0.0330,b8fe43f19d2eaf1db2eedf9928efde7b95b05e68e8916d3826273770cc05a8c4
325,2026-09-09 01:30:19.500642+00,SUNAT,benchmark,3.3510,3.3720,0.0210,c744f717390fbcec2f50a8ccff8dcd3b1217541071e9d7b8e6f777317effc2e2
326,2026-09-09 01:30:19.723305+00,AVG_BANKS,benchmark,3.6740,3.5190,-0.1550,588bbeefb15fcf4f00a3087d681d6978c0a1988f9da96199eed27f1f1843a4ff
327,2026-09-09 01:30:19.97213+00,TKAMBIO,casa_digital,3.3400,3.3700,0.0300,0623ce0de0620684c8132d69ba3701802b543a4b1a9ddc2d8432c417989e8eab
328,2026-09-09 01:30:20.12805+00,TUCAMBISTA,casa_digital,3.3390,3.3690,0.0300,4739fd18d122fc0dba5a1137c6391cf117189dc5949a5a0c82813a2079b4e339
329,2026-09-09 01:30:20.387615+00,KAMBISTA,casa_digital,3.3370,3.3720,0.0350,c2b952b7d6729cec7d7250322a78e65e534a701f5461514dfe57e1ecb56a2f0a
330,2026-09-09 01:45:17.221865+00,CAMBIX,casa_digital,3.3400,3.3800,0.0400,a9582accd83e062fb9b1538f20e0176d2b5230a091944c5317d10e4eeb66bbde
331,2026-09-09 01:45:17.691774+00,REXTIE,casa_digital,3.3385,3.3715,0.0330,d5197f17e79ca0579f70d48491f43d791b39e47e36c430d8b4689c8ef7d08734
332,2026-09-09 01:45:17.979963+00,SUNAT,benchmark,3.3510,3.3720,0.0210,afbc5f3cbac7ea7a997fc7d75341f285054a60de2d36600ce47e7b6a14306664
333,2026-09-09 01:45:18.779819+00,AVG_BANKS,benchmark,3.6740,3.5190,-0.1550,14b07020b0fba2076d1b73463e4dc1518aa6e2787a645fb8591160e0923b6e73
334,2026-09-09 01:45:19.160814+00,TKAMBIO,casa_digital,3.3400,3.3700,0.0300,9c9eef4dd01df65d18370c8ea14eaeb5100b84053e72d1894559a35f002c94f4
335,2026-09-09 01:45:19.550069+00,TUCAMBISTA,casa_digital,3.3390,3.3690,0.0300,916920bf05ae7d5fb61aed0f610d5d012e7c9df567c1e41b73a08493ccb93179
336,2026-09-09 01:45:19.9606+00,KAMBISTA,casa_digital,3.3370,3.3720,0.0350,7de3356dfbcb3b9822183e135e9822782abbd978ee61a8b7db0c4eeb5e398033
337,2026-09-09 02:00:22.92773+00,CAMBIX,casa_digital,3.3400,3.3800,0.0400,be1cc0b1fdfb15a801f2ab7519d0cbba14b3c16fcb4b44c2c39be26ad4bd412e
338,2026-09-09 02:00:23.259396+00,REXTIE,casa_digital,3.3385,3.3715,0.0330,06b74ca83add9b4938b9edba1f45c787929e53eadc0a885a1688b51831248f33
339,2026-09-09 02:00:23.582739+00,SUNAT,benchmark,3.3510,3.3720,0.0210,928a0d193a70ab0306ceb0feab72c49b4a581c41f2446696b5f8782b33808ecd
340,2026-09-09 02:00:25.036693+00,AVG_BANKS,benchmark,3.6740,3.5190,-0.1550,69c4b555fa713bd9d4c23e3ab8ab42a040e268dbd1ea0188b1304df8f04936fc
341,2026-09-09 02:00:26.034273+00,TKAMBIO,casa_digital,3.3400,3.3700,0.0300,d40a2c4265235c6d45eaaf6ffb7813be0940ed8bbf1583ab74cea6175a5195ed
342,2026-09-09 02:00:26.48747+00,TUCAMBISTA,casa_digital,3.3390,3.3690,0.0300,f8b21eb68e440e4258c79c3af3aa91b232d2a3743ce9958b96664ec8bf1ebd6b
343,2026-09-09 02:00:26.866786+00,KAMBISTA,casa_digital,3.3370,3.3720,0.0350,57d825d5a8013e9608465966e5aab99ca812ffa1283bac7796c84153ec27bc01
344,2026-09-09 02:15:18.605073+00,CAMBIX,casa_digital,3.3400,3.3800,0.0400,90952e24b655f9554f8ff2c364696b257f1a2877e899317b20f7433e5a7967cb
345,2026-09-09 02:15:18.869831+00,REXTIE,casa_digital,3.3385,3.3715,0.0330,8294ce6ec32fe108abe0f665a771a50925192f9a6bf4949f84b23a11b5d04c9a
346,2026-09-09 02:15:19.077574+00,SUNAT,benchmark,3.3510,3.3720,0.0210,454282eb6bb32432848a9465e0b85ceb445d9a9ce250c1c6405f477751c4a756
347,2026-09-09 02:15:19.306742+00,AVG_BANKS,benchmark,3.6740,3.5190,-0.1550,a3d5a6f5abf150d00d1e7005b831632b61fa5602e7f520fd3f569e8cbe68b08f
348,2026-09-09 02:15:19.513385+00,TKAMBIO,casa_digital,3.3400,3.3700,0.0300,2747521c4b20039a0a6127b979235a6765a66d185d2d2bf583d1a0c5f06d8325
349,2026-09-09 02:15:19.736498+00,TUCAMBISTA,casa_digital,3.3390,3.3690,0.0300,2b7adc276650691f004616874f579beafbc369f5286731bc53d0eb154161b0c5
350,2026-09-09 02:15:20.052392+00,KAMBISTA,casa_digital,3.3370,3.3720,0.0350,0528e66fbc07a758bfec810691b66001d3b14a4efe822965645df3a812c59600
351,2026-09-09 02:30:19.674322+00,CAMBIX,casa_digital,3.3400,3.3800,0.0400,74fea661f936d8bb5e7148ef65436b108488fea97ec71cd078b0915254c089da
352,2026-09-09 02:30:20.046575+00,REXTIE,casa_digital,3.3385,3.3715,0.0330,bed1a07aa5c6089c827dc46eeaecd72b6195065d88caacefc53b1311a630ce0f
353,2026-09-09 02:30:20.247154+00,SUNAT,benchmark,3.3510,3.3720,0.0210,a933446605976f9e33ea9eee65765a7c009f8cf16a781e91ab68acd324466486
354,2026-09-09 02:30:20.474009+00,AVG_BANKS,benchmark,3.6740,3.5190,-0.1550,4adde2218547202c4aa37571e5591a8db9cc38b1bb7e249fdd182cc9bf2cc259
355,2026-09-09 02:30:20.689907+00,TKAMBIO,casa_digital,3.3400,3.3700,0.0300,ff115afc6e1b002f19385e3dae163d5743697d1f0469bdc051b760438b227574
356,2026-09-09 02:30:20.989208+00,TUCAMBISTA,casa_digital,3.3390,3.3690,0.0300,e2817c0c07d5ab97cc386935dea8070ffb6469b42c720c9f1ca972e8fc0c5cf5
357,2026-09-09 02:30:21.295448+00,KAMBISTA,casa_digital,3.3370,3.3720,0.0350,dab507e98933317780058aec6ffe518d771de0c38412057fdb0d1540654c8eb0
358,2026-09-09 02:45:19.251524+00,CAMBIX,casa_digital,3.3400,3.3800,0.0400,287a269c801aedbf4d4862cee30235dfa025c2ce132b424036a1c023cccb1559
359,2026-09-09 02:45:19.522119+00,REXTIE,casa_digital,3.3385,3.3715,0.0330,acc9d2461a8b63ec2655553fe35c7159dcb4399062b88e80f45ccee88117a614
360,2026-09-09 02:45:19.768631+00,SUNAT,benchmark,3.3510,3.3720,0.0210,ea0b659d9d2e76f7eb13ea2193f7de558e9baf8a3e1c3e09a2d2cfb56adb55be
361,2026-09-09 02:45:20.015203+00,AVG_BANKS,benchmark,3.6740,3.5190,-0.1550,9893d03bbf1ba28e15ad8fc6f5898a05fb2096775d5713db614728b80da6dc65
362,2026-09-09 02:45:20.277764+00,TKAMBIO,casa_digital,3.3400,3.3700,0.0300,1d99cd5aae3ed1b7a53c2e5e221a1ad0420f156c69cea1fbf71d63f141fbc707
363,2026-09-09 02:45:20.560148+00,TUCAMBISTA,casa_digital,3.3390,3.3690,0.0300,7d697b46738c40e40b48f2d60eddaa3c03c3da01574b6a84cdf4bb5bf734cfcb
364,2026-09-09 02:45:20.808907+00,KAMBISTA,casa_digital,3.3370,3.3720,0.0350,7041dbb563c7f38f69f99a1add1a9b957782bd09c30af94f54649d29211ebdf7
365,2026-09-09 03:00:25.703747+00,CAMBIX,casa_digital,3.3400,3.3800,0.0400,4407fad56e1cab8220fec5d9c17363f685ae1a98b8b744a3abd299a54345aed9
366,2026-09-09 03:00:26.382761+00,REXTIE,casa_digital,3.3385,3.3715,0.0330,221de92ee75ab6a43f698aef3a934331ff6abdb7cb96195f33e0bd695dea46d2
367,2026-09-09 03:00:26.667539+00,SUNAT,benchmark,3.3510,3.3720,0.0210,fb9d161e4b7259103d7b2128ac779c1e5eae583dcaf7955d641959de18bc64f7
368,2026-09-09 03:00:26.954733+00,AVG_BANKS,benchmark,3.6740,3.5190,-0.1550,551fd3a5316aad6cfb5942a75f4ae1bceba662aac26cd87d9ac47db9dcd55a0e
369,2026-09-09 03:00:27.244874+00,TKAMBIO,casa_digital,3.3400,3.3700,0.0300,f72b304c46974ffc0320dd572bab92f62798047ee17102636ba169d374a8bd2e
370,2026-09-09 03:00:27.854321+00,TUCAMBISTA,casa_digital,3.3390,3.3690,0.0300,fe3520272d3480efb577e2a22ec3bb24c2e62afada64216871afc509f23d6733
371,2026-09-09 03:00:28.218965+00,KAMBISTA,casa_digital,3.3370,3.3720,0.0350,5a29a1a0aed22216db119335f91dd7317286911d2b4f01e73fbca619f678d964
372,2026-09-09 03:15:22.891301+00,CAMBIX,casa_digital,3.3400,3.3800,0.0400,ef3518975e57ac6ff8da6c9fb2f611c886361578700ee0d905850540def7c991
373,2026-09-09 03:15:23.116115+00,REXTIE,casa_digital,3.3385,3.3715,0.0330,022a0df7430f01b0ad73176581a64946a3c134df19f10ac8410e89927386915e
374,2026-09-09 03:15:23.317964+00,SUNAT,benchmark,3.3510,3.3720,0.0210,20e8e8c7613fb3c3c8441487952ec09f5cd2c45f13abc9181cdb0f45e087bf97
375,2026-09-09 03:15:23.507469+00,AVG_BANKS,benchmark,3.6740,3.5190,-0.1550,6c9652629a38f72e6d80ddee8e9439733ad7efa57f34dee9049cf5f060eab024
376,2026-09-09 03:15:23.732042+00,TKAMBIO,casa_digital,3.3400,3.3700,0.0300,d1bbb324028cefbc77b52e4852cb94b116228e8866aa7e668adcd56ac902e1b0
377,2026-09-09 03:15:24.050984+00,TUCAMBISTA,casa_digital,3.3390,3.3690,0.0300,e98e8636ad7a65a45e4aadd8313c761a0f5a78121e82306f617092f358e1e772
378,2026-09-09 03:15:24.254028+00,KAMBISTA,casa_digital,3.3370,3.3720,0.0350,d23d63161b28be1dd17eb52b0b2f80a305be476b950ca5a4e44dd5875db82310
379,2026-09-09 03:30:19.219644+00,CAMBIX,casa_digital,3.3400,3.3800,0.0400,5883320945d3269f377b6abf1c8dd5f74f9790ac27bc172d7f5e1ca1cc322fa7
380,2026-09-09 03:30:19.464314+00,REXTIE,casa_digital,3.3385,3.3715,0.0330,54110b4a26fcd8d8ece97c93309a5fdb2f209797aaa529672a4b9da6757f48bb
381,2026-09-09 03:30:19.857115+00,SUNAT,benchmark,3.3510,3.3720,0.0210,c522abf763220eeb14de17310cea417185a79a1c64f371ec1ee78e7fee77cbb2
382,2026-09-09 03:30:20.173197+00,AVG_BANKS,benchmark,3.6740,3.5190,-0.1550,81b21a71ac62d3b5c0804f3f2ba2e9dfd9461db286eb0e5756bd8fb144061b87
383,2026-09-09 03:30:20.527551+00,TKAMBIO,casa_digital,3.3400,3.3700,0.0300,20cc0297032772b1da6c69703412667da3b3e037a8258c78c0803a3b157cd572
384,2026-09-09 03:30:20.929595+00,TUCAMBISTA,casa_digital,3.3390,3.3690,0.0300,d61c6ba32e5193f4550853972ed07d5ef957f0875dc8c2a70c268197e79509ce
385,2026-09-09 03:30:21.331973+00,KAMBISTA,casa_digital,3.3370,3.3720,0.0350,00ae13a9624553e32f32ae2486d59f9fb51d6ee7b8dde05b612d5d2358c56880
386,2026-09-09 03:45:16.665234+00,CAMBIX,casa_digital,3.3400,3.3800,0.0400,6ff4a373ca0c7f05f0b51b3b9aa5407738c7f483b95c50a171b6bb91b1ad5a29
387,2026-09-09 03:45:16.977604+00,REXTIE,casa_digital,3.3385,3.3715,0.0330,1f549e836f4e7cc5f6e7f080ea64030b88133cd475f18ffff14a3df59ef2fcc8
388,2026-09-09 03:45:17.303241+00,SUNAT,benchmark,3.3510,3.3720,0.0210,a01ed35c34394b306337ff1d25553e86c58d1240586d04e014bd624c9ad5433e
389,2026-09-09 03:45:17.58595+00,AVG_BANKS,benchmark,3.6740,3.5190,-0.1550,0247064b7622144b1e4011aa97e11d129d70751c8524da0cd503a1dee89c8547
390,2026-09-09 03:45:17.911726+00,TKAMBIO,casa_digital,3.3400,3.3700,0.0300,2193e4dbde6716563c988303b873cd4ddd915f3b439be6c8ce4ad3bc8cb2e28b
391,2026-09-09 03:45:18.253732+00,TUCAMBISTA,casa_digital,3.3390,3.3690,0.0300,a3150b0b4a502209932adcb545d43268ff23d7922e042154de85050d2a712468
392,2026-09-09 03:45:18.574712+00,KAMBISTA,casa_digital,3.3370,3.3720,0.0350,323bfd5be721831fa065bb94735c81ff77d71c28d0fc6fed02330e75badcd326
393,2026-09-09 04:00:22.015735+00,CAMBIX,casa_digital,3.3400,3.3800,0.0400,97c1c94ca192164f8c5b4e94c0c9dba5e65ef0a3abd81dee2b37a94d9e3f1139
394,2026-09-09 04:00:22.30651+00,REXTIE,casa_digital,3.3385,3.3715,0.0330,f5e46ff4e5143b1fd029a91010c9c806a0924a3dec3ab977223ecb819ae92100
395,2026-09-09 04:00:22.567457+00,SUNAT,benchmark,3.3510,3.3720,0.0210,7c0d9386cb68a23b3ce311f1fd400eb2daaba78d6c5aea6d28daf7c676825347
396,2026-09-09 04:00:22.718163+00,AVG_BANKS,benchmark,3.6740,3.5190,-0.1550,30bda2fde2998c09a1e1225d7a954c0f5f1f248d0465fb912a59992b47c1da12
397,2026-09-09 04:00:22.861483+00,TKAMBIO,casa_digital,3.3400,3.3700,0.0300,0dea2a7050933c343dbfde59aee3fd06b17f94e35d60c071b10c3fbca7fc0b74
398,2026-09-09 04:00:23.131053+00,TUCAMBISTA,casa_digital,3.3390,3.3690,0.0300,ed980cee360cf063bfb1275c0eb3583c72f85824ad69572653176b235b3fbe2e
399,2026-09-09 04:00:23.420529+00,KAMBISTA,casa_digital,3.3370,3.3720,0.0350,c82ff0d825bb8c78eaf453fd8323b23a59a44f5a9c99676311c4e76acd3ee3f5
400,2026-09-09 04:15:18.029706+00,CAMBIX,casa_digital,3.3400,3.3800,0.0400,29c348219f2f79fb395c06b1402b8b079057b98dea91fecd35a7e726e463193c
401,2026-09-09 04:15:18.344852+00,REXTIE,casa_digital,3.3385,3.3715,0.0330,312e5eff65c5285e10ec189c4b6cd44adba175e67b3702f9bb869f4a33b4952e
402,2026-09-09 04:15:18.536484+00,SUNAT,benchmark,3.3510,3.3720,0.0210,169f605f26b6c8d3c210572ede67280e9f2974c9c9c2eb60ec963c64da0ce0af
403,2026-09-09 04:15:18.834172+00,AVG_BANKS,benchmark,3.6740,3.5190,-0.1550,0083c42319e82f21275349f88856cd2f41ba3a1599e9d8f22b0879f1f96ccaef
404,2026-09-09 04:15:19.024712+00,TKAMBIO,casa_digital,3.3400,3.3700,0.0300,2d0f83f5d50340362853ba8094e529a5ad192eeb91daf9ff00e5a255d98da09c
405,2026-09-09 04:15:19.216659+00,TUCAMBISTA,casa_digital,3.3390,3.3690,0.0300,211defaa52c8d8de0e905750ed03bc0dc3853c702fbe9ceeb35de152c2da143a
406,2026-09-09 04:15:19.544218+00,KAMBISTA,casa_digital,3.3370,3.3720,0.0350,f5dd2eff5ec5c1f18d7b5ee273b04cc26d71e540921dbc34fe41a26e40fc8f17
407,2026-09-09 04:30:20.215156+00,CAMBIX,casa_digital,3.3400,3.3800,0.0400,9fc2f6578c4dd53f003bb8ed9713db5ca49dcd5ad6bf78f55d0f1c516e6ac481
408,2026-09-09 04:30:20.649275+00,REXTIE,casa_digital,3.3385,3.3715,0.0330,5708e0db0c727b53be42f3925e93a0aff3fd7c113326a6e65234bf7010139cc8
409,2026-09-09 04:30:20.984647+00,SUNAT,benchmark,3.3510,3.3720,0.0210,697c9a612ba007bbc5fa0c2a7cc04c4407765e59d7911950eb39722f1a22c8ea
410,2026-09-09 04:30:21.358919+00,AVG_BANKS,benchmark,3.6740,3.5190,-0.1550,004cfd278de954a74e4641d514c7d3f70fb6f9ba402d558fc9d8fae27d598072
411,2026-09-09 04:30:21.671979+00,TKAMBIO,casa_digital,3.3400,3.3700,0.0300,3324097418a2c06390f2ddff0a3853dc053a4c0d7d3489823fb292321def8404
412,2026-09-09 04:30:21.973981+00,TUCAMBISTA,casa_digital,3.3390,3.3690,0.0300,35c180295a012b7c990af5d694b4dfa6d7787b3e6e7609106248c01bdca50c81
413,2026-09-09 04:30:22.144188+00,KAMBISTA,casa_digital,3.3370,3.3720,0.0350,67a7e34f8f81ff9875019f7fa46c3affdd93070710cbc7104e49998b6e481c8d
414,2026-09-09 04:34:45.831419+00,CAMBIX,casa_digital,3.3400,3.3800,0.0400,9d18364002736ca11abb3b75a1e97aece9ce9d4ef1e636d2f4bfc0b44a1ab751
415,2026-09-09 04:34:46.176903+00,REXTIE,casa_digital,3.3385,3.3715,0.0330,37540359df114aa509317b4715f0c52b1d0c87ec71ae747093a485bc0212a41d
416,2026-09-09 04:34:46.491084+00,SUNAT,benchmark,3.3510,3.3720,0.0210,fbc0fbe5a623600149d0f24efd29873826baa2e490fa0370ebbb40a21585a0e7
417,2026-09-09 04:34:46.836876+00,AVG_BANKS,benchmark,3.6740,3.5190,-0.1550,8cc0879e24903b9d93c6e609d0c7f74c256af5158ef91439937721061425ad50
418,2026-09-09 04:34:47.174363+00,TKAMBIO,casa_digital,3.3400,3.3700,0.0300,b29f232e068593393d5700128862d0416e4ef776fcd2afa3235ed5392824a421
419,2026-09-09 04:34:47.52429+00,TUCAMBISTA,casa_digital,3.3390,3.3690,0.0300,586c91204ae37d746cd783e18584e3b63f9474f0cb2cf2f74fabd215ef1829d5
420,2026-09-09 04:34:47.681267+00,KAMBISTA,casa_digital,3.3370,3.3720,0.0350,11a7ce326eee25599829a820581b86b0b00376e6cb8407c64708a8256cb4c276
421,2026-09-09 04:45:18.314915+00,CAMBIX,casa_digital,3.3400,3.3800,0.0400,b3f19272237c9cdeef378399a3532516e8ed7f41f646fe32799d94dd7bac7292
422,2026-09-09 04:45:18.717399+00,REXTIE,casa_digital,3.3385,3.3715,0.0330,7c32ed76c38ffb754e241c9d19e9292d3178e5cb4ff6ff2234c986bd7f80ab13
423,2026-09-09 04:45:19.017741+00,SUNAT,benchmark,3.3510,3.3720,0.0210,8a71fb429eddef8994f4c98bb03aa39bbedc59362419cdd2a68374034a400475
424,2026-09-09 04:45:19.20777+00,AVG_BANKS,benchmark,3.6740,3.5190,-0.1550,4e72c56cd173d57f5b07a85db6010b9dda69e8225f062c519c3fb97b1a38ecac
425,2026-09-09 04:45:19.412219+00,TKAMBIO,casa_digital,3.3400,3.3700,0.0300,491c35f7fbdf43a39043f336856602f6a5c6e481365d83111e3adf569dcbd7c8
426,2026-09-09 04:45:19.742516+00,TUCAMBISTA,casa_digital,3.3390,3.3690,0.0300,86017d35f07d3371de560b992262fdca03f2a7bba1fbde7f6370ff017ba516b2
427,2026-09-09 04:45:19.945246+00,KAMBISTA,casa_digital,3.3370,3.3720,0.0350,f474b5d7d49c453755f5faa7abc8ac83ba9d8701a4ce118204aaba0a1ba6af54
428,2026-09-09 05:00:25.875296+00,CAMBIX,casa_digital,3.3400,3.3800,0.0400,416d0fce3717fa3621e13e8400bb97b2e899e019317b2b6cc6890e946fe3dcd9
429,2026-09-09 05:00:26.074655+00,REXTIE,casa_digital,3.3385,3.3715,0.0330,2450c64fd525f82bde9756b7f069e48af5933b688234360741eeff09a5687aca
430,2026-09-09 05:00:26.176078+00,SUNAT,benchmark,3.3510,3.3720,0.0210,cdba8677564cef16079e52cb1dee3e3a22141c39339e7b55a4ea2662f477386f
431,2026-09-09 05:00:26.332679+00,AVG_BANKS,benchmark,3.6740,3.5190,-0.1550,434f8d641f6dce2adff696436e180ab535a4ad660e118664f97e21edd46c232b
432,2026-09-09 05:00:26.461627+00,TKAMBIO,casa_digital,3.3400,3.3700,0.0300,fd1270bcd2459e094278538e8f83dda1cffe54ab466e7462222f97245abe5eef
433,2026-09-09 05:00:26.769373+00,TUCAMBISTA,casa_digital,3.3390,3.3690,0.0300,77d320f8f25bb410755355192e1b68cfb35439830fd5cdd1f5f45713ca1d1098
434,2026-09-09 05:00:26.925057+00,KAMBISTA,casa_digital,3.3370,3.3720,0.0350,2a3d139110752c26dc9791f896c80ebfc924990e88c1faaa1f0a5de2463746b4
435,2026-09-09 05:15:18.443289+00,CAMBIX,casa_digital,3.3400,3.3800,0.0400,b892724946df5d6f88a621bfc0ca0df437d19c1460a4b6082b7397802664cd17
436,2026-09-09 05:15:18.89196+00,REXTIE,casa_digital,3.3385,3.3715,0.0330,3730917433f8a82138db66f04026c7b0e0c7b4227df6f94c248cbfbc5197f058
437,2026-09-09 05:15:19.255429+00,SUNAT,benchmark,3.3510,3.3720,0.0210,f96cd94785b2bfdc10b85dc959e324f1fba4f4b08403f1d52bb189f69a265f09
438,2026-09-09 05:15:19.540711+00,AVG_BANKS,benchmark,3.6740,3.5190,-0.1550,1f09e3b4e86533008405187125626b56ed5aa96145b37859cfa5b2fbee822e39
439,2026-09-09 05:15:20.408143+00,TKAMBIO,casa_digital,3.3400,3.3700,0.0300,03b1a7d343f389f85f2e061138d8189131d989acfe312d1346eee97b37b22eb7
440,2026-09-09 05:15:20.764299+00,TUCAMBISTA,casa_digital,3.3390,3.3690,0.0300,fd07cd5b5fb84f0bcdbc0f787e4733f1ef2ded4ba046bd08cf2a9365dc2bf6b5
441,2026-09-09 05:15:21.086955+00,KAMBISTA,casa_digital,3.3370,3.3720,0.0350,fbf751d36056506641a14ffce4835c07bdf0155a4a11ab43df2b41a51be3a0d1
442,2026-09-09 05:30:23.338815+00,CAMBIX,casa_digital,3.3400,3.3800,0.0400,4ffa38fafa0641a6e570b3cba6b2399cadd6eeb0448d3b0c269b343b2716a067
443,2026-09-09 05:30:23.703874+00,REXTIE,casa_digital,3.3385,3.3715,0.0330,541d11e68e071f31cdd7ea51bb3ff88b3ffc2cb0c78713c5e8114e265353887e
444,2026-09-09 05:30:23.931937+00,SUNAT,benchmark,3.3510,3.3720,0.0210,6262ff91d64fb6e63e013bfb367de8d5e1e8213c7ea42943d5c35c035f6c8171
445,2026-09-09 05:30:24.128452+00,AVG_BANKS,benchmark,3.6740,3.5190,-0.1550,ff9aefc56f239f1f57e59f3a73b831f17be5b5bb037eb1ba99fad0dfdd1188f1
446,2026-09-09 05:30:24.315946+00,TKAMBIO,casa_digital,3.3400,3.3700,0.0300,8b111bcd10521b4260d002993c75093eb1c0d94aa7fa622076534877f4ea087a
447,2026-09-09 05:30:24.651381+00,TUCAMBISTA,casa_digital,3.3390,3.3690,0.0300,0229738056ba3110c4f2a442a12b5013775790e09d393728bad57e1be7c5dcb6
448,2026-09-09 05:30:24.820376+00,KAMBISTA,casa_digital,3.3370,3.3720,0.0350,151d2c53334b3ec8b3aaa985c31f6fe14855a9ccf8d6f92dc881f804d943fb7c
449,2026-09-09 05:45:19.576948+00,CAMBIX,casa_digital,3.3400,3.3800,0.0400,acc512c54429e49d7c8708fefc3e656bf6c603f6bab0214780cc589af37b1945
450,2026-09-09 05:45:19.94412+00,REXTIE,casa_digital,3.3385,3.3715,0.0330,98ecf9210ecfebc4dff5d150db240b5733b38560b487a456f89f85bbf61ff60a
451,2026-09-09 05:45:20.369888+00,SUNAT,benchmark,3.3510,3.3600,0.0090,26937139cea30decf85b315e2af2c442dc68ea40661d9b2ead422866cd8f8bdb
452,2026-09-09 05:45:20.738864+00,AVG_BANKS,benchmark,3.6740,3.5190,-0.1550,be3b045a101eae6d888bb486c81f1029d3c97f92fbe772664ae257cfd71686b7
453,2026-09-09 05:45:21.100811+00,TKAMBIO,casa_digital,3.3400,3.3700,0.0300,b2082b1700281931cc87d2c213ef25ee269567b5c2270feba032dc2f81677291
454,2026-09-09 05:45:21.424079+00,TUCAMBISTA,casa_digital,3.3390,3.3690,0.0300,688234f2b67068e7c7102d16a687b8bd441c6caff65cde14d891d831983dd979
455,2026-09-09 05:45:21.715873+00,KAMBISTA,casa_digital,3.3370,3.3720,0.0350,e0d5fdbc74ae54b02e16c0be3ff4a88faee8f5d5d24021c44ce20958e8dc58d5
456,2026-09-09 06:00:27.462375+00,CAMBIX,casa_digital,3.3400,3.3800,0.0400,80caf408f1a1fb3fe3fa0cc71e992a0a180478708ed63623ab6c5b9475699a20
457,2026-09-09 06:00:27.635494+00,REXTIE,casa_digital,3.3385,3.3715,0.0330,a8276231b6b8f24d691a6731b11abea413d16544a04acaaec369a371402d56d4
458,2026-09-09 06:00:27.79394+00,SUNAT,benchmark,3.3510,3.3600,0.0090,54168b16456af1fac105bc94a34d326e88d0f301851517c8be3f76ee3404ef85
459,2026-09-09 06:00:27.981698+00,AVG_BANKS,benchmark,3.6740,3.5190,-0.1550,d1b9c90b85bad3a64fd5a413a71ce9d8a3305022796a31dd4bcfb642b0841706
460,2026-09-09 06:00:28.174229+00,TKAMBIO,casa_digital,3.3400,3.3700,0.0300,97f31b8b4030c48aeb47221a98aa7b1e8f559ca6513e2dabc4190583fce0b697
461,2026-09-09 06:00:28.287393+00,TUCAMBISTA,casa_digital,3.3390,3.3690,0.0300,571965a968f11b8838355cd27ddf423cb986d6addb69983cd701f0ed71ff383d
462,2026-09-09 06:00:28.380578+00,KAMBISTA,casa_digital,3.3370,3.3720,0.0350,fec3f1254eda73fc84d6bb334b950bab60233faa696405176239ddca555dcacd
463,2026-09-09 06:15:18.211288+00,CAMBIX,casa_digital,3.3400,3.3800,0.0400,d525a9a90a6f096be86b0059d52ad6cb3c6a2d38000254929676a358230c6cbe
464,2026-09-09 06:15:18.518752+00,REXTIE,casa_digital,3.3385,3.3715,0.0330,9e85dbb6d53b9a7550db978953210f8f0ca4bd947f81aa2377d9b57d76023f2b
465,2026-09-09 06:15:18.857019+00,SUNAT,benchmark,3.3510,3.3600,0.0090,2759ac1fa0edca012fcdc3c523908f2110b45f7c39019707900e1a6fa37d6f6d
466,2026-09-09 06:15:19.121239+00,AVG_BANKS,benchmark,3.6740,3.5190,-0.1550,cd58257ff1d92f83fa68202ab1baca624bd978ff7ba9774e07a67221cdc2ac25
467,2026-09-09 06:15:19.439076+00,TKAMBIO,casa_digital,3.3400,3.3700,0.0300,d8789e90f80378f1e8e4dca550494805eecc919308fe0a56a96bbb1d041a960d
468,2026-09-09 06:15:19.774107+00,TUCAMBISTA,casa_digital,3.3390,3.3690,0.0300,1590c325624f83faa0bff4b44a5c8dc65940a29a226b282243b47a68df83853c
469,2026-09-09 06:15:20.13069+00,KAMBISTA,casa_digital,3.3370,3.3720,0.0350,982abcb0932425671b2bd966ff5bb3360efad6bd37974f0ef07a0c02eb7367df
470,2026-09-09 06:30:21.221668+00,CAMBIX,casa_digital,3.3400,3.3800,0.0400,6f875629b9efe2d7cfe578255fa36f9699529c68a3ad3f7ca5d11f538a73abd0
471,2026-09-09 06:30:21.675487+00,REXTIE,casa_digital,3.3385,3.3715,0.0330,e1f29d28e988770934cca1674197c1c65adecc904fa0e50b46c4d8b2c51f2ab5
472,2026-09-09 06:30:21.912484+00,SUNAT,benchmark,3.3510,3.3600,0.0090,eeac458622d3ef9d9ecd7f0c7daab0afffdd6083e0e3ffffccc689da247ce84a
473,2026-09-09 06:30:22.112394+00,AVG_BANKS,benchmark,3.6740,3.5190,-0.1550,268fc6c316a7d88374b24e3dd8f80cf080b2d86c654058c413a364a26fa2220e
474,2026-09-09 06:30:22.381923+00,TKAMBIO,casa_digital,3.3400,3.3700,0.0300,1e72eec2f35ac3d88f1316c7ec32ffc439c474c688654ec642096a5edbdecc33
475,2026-09-09 06:30:22.570801+00,TUCAMBISTA,casa_digital,3.3390,3.3690,0.0300,b8b6604551f7687df0e37d14eeb64f74f829620e640fcdd8a3a28ce3ac12ad23
476,2026-09-09 06:30:22.79237+00,KAMBISTA,casa_digital,3.3370,3.3720,0.0350,fc92795c71d40485d08223df5eda9cf872fc2c00fb659f095d69228253ec3c53
477,2026-09-09 06:45:20.564544+00,CAMBIX,casa_digital,3.3400,3.3800,0.0400,261e4da4af18c6f2c804f8b2ba4ea064e99383ef0f555fdaa0c2868a879d2992
478,2026-09-09 06:45:21.038772+00,REXTIE,casa_digital,3.3385,3.3715,0.0330,803892ab2808cde12aa660046ea50ce4397a32247f91dde73698a4e560c9b637
479,2026-09-09 06:45:21.214293+00,SUNAT,benchmark,3.3510,3.3600,0.0090,4eb7ef86b4adb677214548fbe2ab5dde5f30af3eeffccb1c738de0ace88031e1
480,2026-09-09 06:45:21.414689+00,AVG_BANKS,benchmark,3.6740,3.5190,-0.1550,6a21dad5d801fc1d2f7226eedad9539308a5538b86f6bca83c423f005e074871
481,2026-09-09 06:45:21.595746+00,TKAMBIO,casa_digital,3.3400,3.3700,0.0300,c5119130aa0423c46c20c4dfba48cccf8ad1c7ff1b0a4020f4006424e2f0048a
482,2026-09-09 06:45:21.75169+00,TUCAMBISTA,casa_digital,3.3390,3.3690,0.0300,d5965ce50f56b65d175dc8e2519cbc82e45391dd96b0ca9869d8629a3aedb730
483,2026-09-09 06:45:21.950049+00,KAMBISTA,casa_digital,3.3370,3.3720,0.0350,3d4408ce7dc2c3dd7845597c5c9c42f20aa14ec4698e7e700c693b233ab977d1
484,2026-09-09 07:00:24.759901+00,CAMBIX,casa_digital,3.3400,3.3800,0.0400,5cae230dc1e1fec6e445790eb587bba00a3dfbfb5388d0995cdbb4a499cba12f
485,2026-09-09 07:00:25.14498+00,REXTIE,casa_digital,3.3385,3.3715,0.0330,5979a57a4af2169eec5f9951af04325d5d6dd4b8d871a188e37864fd90bb3b74
486,2026-09-09 07:00:25.467341+00,SUNAT,benchmark,3.3510,3.3600,0.0090,caf2af24d089d95b84f8b46fe0849688279392bcb737d5a17df3d3a70b610b08
487,2026-09-09 07:00:25.76105+00,AVG_BANKS,benchmark,3.6740,3.5190,-0.1550,844df633d626dc7c47226061ad62f3340e7be08f8b401552fe6a84bc262a5935
488,2026-09-09 07:00:26.100511+00,TKAMBIO,casa_digital,3.3400,3.3700,0.0300,cc77f24f2b553db55bfbbb31b8e2b2609270a1e94bfb2a3f483a8cf989bc17a1
489,2026-09-09 07:00:26.418806+00,TUCAMBISTA,casa_digital,3.3390,3.3690,0.0300,26f8dedd430bc2e952e2a0a7794216e56e285f8dd1fe9702435160cf2976c05e
490,2026-09-09 07:00:26.712174+00,KAMBISTA,casa_digital,3.3370,3.3720,0.0350,fc0794103d03f040aa34bc8eb319c6c27d30f1a1637526394804e0982dbf8954
491,2026-09-09 07:15:22.007951+00,CAMBIX,casa_digital,3.3400,3.3800,0.0400,67f7326026a974908d68c402125aee064e16831c8bd1afbbd9fa8d1009fcf773
492,2026-09-09 07:15:22.51195+00,REXTIE,casa_digital,3.3385,3.3715,0.0330,ed9c7f0da70a9369f9278377fbd7f8a6501fb84918e5523100c3b3a789b3e5e8
493,2026-09-09 07:15:22.733672+00,SUNAT,benchmark,3.3510,3.3600,0.0090,14e9add8ddc3617117e48090d45279ff04d33145dd1be99de06fd4d9d47541ff
494,2026-09-09 07:15:22.933812+00,AVG_BANKS,benchmark,3.6740,3.5190,-0.1550,4b757eb21ba6934bcfa770e875356797e73cb2a3a32b73b7bd03d8aa893739bc
495,2026-09-09 07:15:23.247178+00,TKAMBIO,casa_digital,3.3400,3.3700,0.0300,17a8bac075459fade46e797c6374a616966d130a98a81785b058ccd8b6037e7a
496,2026-09-09 07:15:23.457271+00,TUCAMBISTA,casa_digital,3.3390,3.3690,0.0300,e71fc89b11630a1ecd00be833640627c4a6ffd8f2d78f2a8ad9b32a501709d59
497,2026-09-09 07:15:23.624465+00,KAMBISTA,casa_digital,3.3370,3.3720,0.0350,8c581b9e612ec9e544c22accd6e4212f5dd9d68a7642144a5bdff6112bc0a3ae
498,2026-09-09 07:30:21.47961+00,CAMBIX,casa_digital,3.3400,3.3800,0.0400,c80f61e839f6059f0c387a0bf4f261c978ca6261e6d5949ffce42cb2040d819a
499,2026-09-09 07:30:21.858633+00,REXTIE,casa_digital,3.3385,3.3715,0.0330,9a08cc98a0aa61e155a730ede32caaa9a2c8c45cfc8efc6f2e28bbd0fbecf3a0
500,2026-09-09 07:30:22.220582+00,SUNAT,benchmark,3.3510,3.3600,0.0090,d223532faee75f5787b97fd5355a9bf99c9a3367501e1ba976221692fa2d9e42
501,2026-09-09 07:30:22.609688+00,AVG_BANKS,benchmark,3.6740,3.5190,-0.1550,1969b36125b56123051b2cc029cca086cb9b67e9d8a2c56747420d0283a0150c
502,2026-09-09 07:30:22.936562+00,TKAMBIO,casa_digital,3.3400,3.3700,0.0300,a7359a9832a332987c65526b19218a96cb6fc4e227575e72ef3402ac0c6e668c
503,2026-09-09 07:30:23.275787+00,TUCAMBISTA,casa_digital,3.3390,3.3690,0.0300,75e28eb7f747dc0eb4b637b5264a07f8a67e507c71d95cde9837861f7e1d612f
504,2026-09-09 07:30:23.631385+00,KAMBISTA,casa_digital,3.3370,3.3720,0.0350,ba9767bb6028c203e5abda5f290d34dce6e36d01577e7597981f526a0d3b9dca
505,2026-09-09 07:45:20.191762+00,CAMBIX,casa_digital,3.3400,3.3800,0.0400,d13fa47326ca26cbc73f1bace069ac46a3d1cccf2696df2d7e957ca158a8af49
506,2026-09-09 07:45:20.470457+00,REXTIE,casa_digital,3.3385,3.3715,0.0330,c0f8b34e45e31754377a05d58fb1271bcedfd04b76021ef7ddef20f7bfff1216
507,2026-09-09 07:45:20.785498+00,SUNAT,benchmark,3.3510,3.3600,0.0090,5f81c516c718558d7bb516fb0794af1895e5c7adaa3ec9d93cc1b5a8ad287b75
508,2026-09-09 07:45:21.059463+00,AVG_BANKS,benchmark,3.6740,3.5190,-0.1550,0141b617dc8bfabcc31f83255bcf9852d6af0284d91beed8439bd1707436898f
509,2026-09-09 07:45:21.230374+00,TKAMBIO,casa_digital,3.3400,3.3700,0.0300,bf1580fe84b3ecca5ae3db1ac3f717c6ba09e477663e8ea3212475dad62f6e75
510,2026-09-09 07:45:21.381546+00,TUCAMBISTA,casa_digital,3.3390,3.3690,0.0300,54dd574fb9233b891af191f164a3c621fc6e1ac3c348615c7942698f285b970f
511,2026-09-09 07:45:21.550787+00,KAMBISTA,casa_digital,3.3370,3.3720,0.0350,ec10a3c86f93044d9759b13f48735d95af9aeb31b2dbc657993b1fea8e0196bc
512,2026-09-09 08:00:22.204594+00,CAMBIX,casa_digital,3.3400,3.3800,0.0400,da8b566e517b103460f8b3e0a50d2f2450f03b13d412804e1f355b89a58e75d8
513,2026-09-09 08:00:22.585158+00,REXTIE,casa_digital,3.3385,3.3715,0.0330,6bfe60dc7ca707f3faa21df0a09ba1384c65eae9fb15298ca32234541f6ec7a7
514,2026-09-09 08:00:22.884417+00,SUNAT,benchmark,3.3510,3.3600,0.0090,90b3a7f2da05ced0c7e110a204ef06986c75c411a65e61eb93929680ab521258
515,2026-09-09 08:00:23.180618+00,AVG_BANKS,benchmark,3.6740,3.5190,-0.1550,4151a5fd7286766a7ba7d8021613d1ea29588b219805dda45403a6840d918f6f
516,2026-09-09 08:00:23.330745+00,TKAMBIO,casa_digital,3.3400,3.3700,0.0300,142d939d35b9765ba7d1ae2617f5c160d750a103e85fb488ad4be9a028c99336
517,2026-09-09 08:00:23.657255+00,TUCAMBISTA,casa_digital,3.3390,3.3690,0.0300,d218e14f74b8796c6fe3dd272a47baec182ff67dfc2443835ddd4079d19d6ec4
518,2026-09-09 08:00:23.833786+00,KAMBISTA,casa_digital,3.3370,3.3720,0.0350,a6aa609924a3784baea8b4ecb15eb8a3b33080724ed4f8da61982b9ee9d73404
519,2026-09-09 08:15:20.468523+00,CAMBIX,casa_digital,3.3400,3.3800,0.0400,be73bbc84a1a0899e41dad203a39fcf6072d0868d864600eb1b5afaa085eb29b
520,2026-09-09 08:15:20.670796+00,REXTIE,casa_digital,3.3385,3.3715,0.0330,dd6ca58fac782aa3fa04a81ed168aedffd2f3a697254b8d883264d9903a48e5e
521,2026-09-09 08:15:20.820943+00,SUNAT,benchmark,3.3510,3.3600,0.0090,9e77a393f39cc02b3d5e5ca75e435b57b4d1a4ca8809aec2b3b0d88f1a947fb4
522,2026-09-09 08:15:20.968135+00,AVG_BANKS,benchmark,3.6740,3.5190,-0.1550,011d07070d17293f138045dd4f7f179727c6b7c483abd4ad79035641d4bad8ee
523,2026-09-09 08:15:21.060559+00,TKAMBIO,casa_digital,3.3400,3.3700,0.0300,2445644b0420353db2e2e0e4bf2417d99c85e88563cf43f8a312c795fbfeb7ce
524,2026-09-09 08:15:21.160098+00,TUCAMBISTA,casa_digital,3.3390,3.3690,0.0300,25485463fc710a11b9383c9993c8e666fd835c427e9dff3171b7a324d0023cc9
525,2026-09-09 08:15:21.326154+00,KAMBISTA,casa_digital,3.3370,3.3720,0.0350,01547a9f617b935329bc3a2a810b12702a519dd78b2c88c62f352f3988213823
526,2026-09-09 08:30:25.740425+00,CAMBIX,casa_digital,3.3400,3.3800,0.0400,eaac01b9fb15232abf413007721f9ace8fd60035602ca60d044ff6529c5efb0d
527,2026-09-09 08:30:25.928856+00,REXTIE,casa_digital,3.3385,3.3715,0.0330,3c8e8b2bb5b0a34ccd1e5baa56ec4d4f5681394d4813bc0c503308fb6e551f37
528,2026-09-09 08:30:26.130868+00,SUNAT,benchmark,3.3510,3.3600,0.0090,f849f5066a6ebeb3483b5f5e158a94d3ff428bca4572ba2fd95bade24ed5f984
529,2026-09-09 08:30:26.232759+00,AVG_BANKS,benchmark,3.6740,3.5190,-0.1550,0f2b3ed98fb4563683227840e22ff5e1d1e75eee05dfc9de00b7547aca41e9fd
530,2026-09-09 08:30:26.390009+00,TKAMBIO,casa_digital,3.3400,3.3700,0.0300,487c9c71d4954b91bf13c0513401573e53d0f32e96e3d573f4b71d263df42608
531,2026-09-09 08:30:26.555349+00,TUCAMBISTA,casa_digital,3.3390,3.3690,0.0300,700ebdd429ab107cd6945937dd0ad52d149a6d8ef618bd353e821253b89a2d41
532,2026-09-09 08:30:26.709977+00,KAMBISTA,casa_digital,3.3370,3.3720,0.0350,d63232c9f6f034d58fe9144aa91fe7a6ea4b343732884c7555850ed03f05da2b
533,2026-09-09 08:45:18.716297+00,CAMBIX,casa_digital,3.3400,3.3800,0.0400,0cd2fdb7f34ee37efcd7a8dbaab66fe15abf587b44db6f7c28e0a40aa990e9b6
534,2026-09-09 08:45:19.124709+00,REXTIE,casa_digital,3.3385,3.3715,0.0330,050a6457ad4100a750e9f052a1130ec702fde2101c3bb5733f7413a0bdb9cdac
535,2026-09-09 08:45:19.424065+00,SUNAT,benchmark,3.3510,3.3600,0.0090,bee180b53ab82b778a3e2af3c70438a2370e9fe08a0d8021c8fd07cc9415327e
536,2026-09-09 08:45:19.714546+00,AVG_BANKS,benchmark,3.6740,3.5190,-0.1550,c46188e4e4ee920bf211649baabcf739da2d330a6bbed36c5a14a91eb578b1d2
537,2026-09-09 08:45:19.884644+00,TKAMBIO,casa_digital,3.3400,3.3700,0.0300,e82c3eddbd18e3720d2a96113523254903b2f2ffd793dc38cfd2579811c154fd
538,2026-09-09 08:45:20.261618+00,TUCAMBISTA,casa_digital,3.3390,3.3690,0.0300,a7b7c5e41d1e1947a72b962dd519aaaeaa0cd5e31b801401c59415bef7884372
539,2026-09-09 08:45:20.582658+00,KAMBISTA,casa_digital,3.3370,3.3720,0.0350,dcb847e035ab19524f6346fe8700db6df1b6637949e4013aab6dbc2838806e30
540,2026-09-09 09:00:24.944336+00,CAMBIX,casa_digital,3.3400,3.3800,0.0400,1aa279c1db0147eef257b936a3792f8037bba8970452a89de6ab975ac72cfdbb
541,2026-09-09 09:00:25.289645+00,REXTIE,casa_digital,3.3385,3.3715,0.0330,17708f116935da7d82d38cbaa4ac5bfd8790e14ab6d1a11c746958c080b5e3d1
542,2026-09-09 09:00:25.598764+00,SUNAT,benchmark,3.3510,3.3600,0.0090,4d54bc5afa0ada1d2550fca53064943b72cb078f5b52c59faab4e7488d68460d
543,2026-09-09 09:00:25.901085+00,AVG_BANKS,benchmark,3.6740,3.5190,-0.1550,616f7e177a9d1d0d3cb56f498204ea8eca4ecc470152238da2011162196b860e
544,2026-09-09 09:00:26.245576+00,TKAMBIO,casa_digital,3.3400,3.3700,0.0300,22830bc49e971171eebcdff0a3e6885620c1f1aa9b103aecf748467dee2868e9
545,2026-09-09 09:00:26.56653+00,TUCAMBISTA,casa_digital,3.3390,3.3690,0.0300,39da5e098cb0a661dc26be115acad6faa3765a0187ce89f8d71ef141a7c33db0
546,2026-09-09 09:00:26.74795+00,KAMBISTA,casa_digital,3.3370,3.3720,0.0350,0ed04cd5672bae805daf1e985b87a664023e5c0a567ca3e9d7269d9349ed523c
547,2026-09-09 09:09:40.17059+00,CAMBIX,casa_digital,3.3400,3.3800,0.0400,838974f3db0de86a253892609a28cb3d8620f6dacbee2c341d2e02d85d09b8a6
548,2026-09-09 09:09:40.526591+00,REXTIE,casa_digital,3.3385,3.3715,0.0330,d6746b30c5d5fa56d6a018bd14c7ff9bbacf85c08f8b6699201c395fda14a960
549,2026-09-09 09:09:40.866972+00,SUNAT,benchmark,3.3510,3.3600,0.0090,3d31c83cddfebfce8f096b813783633809bb062d2044a463de6b69b95acf6231
550,2026-09-09 09:09:41.029561+00,AVG_BANKS,benchmark,3.6740,3.5190,-0.1550,d3a1a5480cb80d31a96fa62113e0c2ec5649d18d1612a35e9e55a3969b6661c6
551,2026-09-09 09:09:41.359582+00,TKAMBIO,casa_digital,3.3400,3.3700,0.0300,7cdd170d4858ee1d73958137a12b7a4988fdddb1e65071de36adbffe18546894
552,2026-09-09 09:09:41.691635+00,TUCAMBISTA,casa_digital,3.3390,3.3690,0.0300,0fe1752fc0b3b2b76a1fa9f862df27dc6794a7437501d82e0b501888bd267074
553,2026-09-09 09:09:42.040331+00,KAMBISTA,casa_digital,3.3370,3.3720,0.0350,bd9a05b80bedd3298c2f53b47a8dedd46b8f8d4accef035f57a4eb2088c9fd53
554,2026-09-09 09:15:21.11809+00,CAMBIX,casa_digital,3.3400,3.3800,0.0400,b2890fba68b560f2caaf32aae914505da54653333a410fbdeb4deea9a925bb68
555,2026-09-09 09:15:21.321277+00,REXTIE,casa_digital,3.3385,3.3715,0.0330,2001bb2ecb2a46d373bf17c22c5a3683b04466bb64afe07c69af9d6582cff937
556,2026-09-09 09:15:21.485392+00,SUNAT,benchmark,3.3510,3.3600,0.0090,cd1233969c640e34457b6ac8838cf9ad7b9421e465d044853fe6c71f7faca49c
557,2026-09-09 09:15:21.653637+00,AVG_BANKS,benchmark,3.6740,3.5190,-0.1550,a665f2c2240b959d2e7d1226d131f07cdb94969a1b40f467ba6f7d599c48a7ae
558,2026-09-09 09:15:21.752822+00,TKAMBIO,casa_digital,3.3400,3.3700,0.0300,b08518367f16732896806bc26695a875cb321f2d8e1236c08ffafb9642e3beed
559,2026-09-09 09:15:21.90961+00,TUCAMBISTA,casa_digital,3.3390,3.3690,0.0300,1311bd091e5499682f4169a77f64a170ec1635717a3790d7f8c90cc0f2a7bbb3
560,2026-09-09 09:15:22.073293+00,KAMBISTA,casa_digital,3.3370,3.3720,0.0350,61f58d39a96050ff0c2cf84b9003a88c8e37688de04900a35515fe7d16ead10e
561,2026-09-09 09:30:21.41197+00,CAMBIX,casa_digital,3.3400,3.3800,0.0400,252ea8cef8e1664426bf2a39fa08532dddc11efab12e2fbf16ff583d79188306
562,2026-09-09 09:30:21.679206+00,REXTIE,casa_digital,3.3385,3.3715,0.0330,6a948c397b6747d60a57fbf6ba9a53e4c7e23aad2b69b9e81cdf3282d64066e9
563,2026-09-09 09:30:21.95373+00,SUNAT,benchmark,3.3510,3.3600,0.0090,f912aa2ef3a8a17ed4cfeb9bbcaf7e5be61a1cbb516e25a48ced3073229d5d8a
564,2026-09-09 09:30:22.104648+00,AVG_BANKS,benchmark,3.6740,3.5190,-0.1550,d2664e624ea7f356f495ac8766ea16813b864bde4d52d81913baef6566f73ac9
565,2026-09-09 09:30:22.258498+00,TKAMBIO,casa_digital,3.3400,3.3700,0.0300,e87c04055fcb05604983cb9fe6dd14c2bac8e939cf3b875037047b98594a1fe8
566,2026-09-09 09:30:22.39781+00,TUCAMBISTA,casa_digital,3.3390,3.3690,0.0300,d4f89951c5afccd096d21df33b3b8191f640cf3fe1d6ba6a0bbc67bccdef1322
567,2026-09-09 09:30:22.668316+00,KAMBISTA,casa_digital,3.3370,3.3720,0.0350,11924766603595cd22787926d413e7ff1fc891add15d3d3c90ed9213ff362230
568,2026-09-09 09:45:18.017829+00,CAMBIX,casa_digital,3.3400,3.3800,0.0400,61ba583513bb34252e346875fed5edd2c51ece0e44659b36460d75a8e89eca11
569,2026-09-09 09:45:18.190472+00,REXTIE,casa_digital,3.3385,3.3715,0.0330,eb14e0bc91ed28f143b4b3a915ec7ac3933a9beffafc9e862f2b239e1178a3d0
570,2026-09-09 09:45:18.479651+00,SUNAT,benchmark,3.3510,3.3600,0.0090,2950e58185fd6ff15815da8dca601b45bc483dfa1ab6cbb7b8e3a74d00178b67
571,2026-09-09 09:45:18.715243+00,AVG_BANKS,benchmark,3.6740,3.5190,-0.1550,75bb3eb4fcd7b2c6e69d3f009b0bd5b11067c7d90d4bf47fa553d651c9330a93
572,2026-09-09 09:45:18.842876+00,TKAMBIO,casa_digital,3.3400,3.3700,0.0300,55aecb9e39c3887bd7f3683cc99b4fe89dd8510eabb9df2bd05e420bdeedb41f
573,2026-09-09 09:45:19.087869+00,TUCAMBISTA,casa_digital,3.3390,3.3690,0.0300,ab57010eb4b87ef0f56e92ac0b81534b31ea22cd591f8e378eb43348c4583178
574,2026-09-09 09:45:19.226896+00,KAMBISTA,casa_digital,3.3370,3.3720,0.0350,18ddd62a5cf841d60671119b2ac54f2614646eb2f419e0700fc60a1fe158338c
575,2026-09-09 10:00:23.836071+00,CAMBIX,casa_digital,3.3400,3.3800,0.0400,d7f437c7d7d0d3d4b533556ecec3fb201c792ca8fd9100b37de889ece72ff21d
576,2026-09-09 10:00:24.095767+00,REXTIE,casa_digital,3.3385,3.3715,0.0330,ca672bcc6a9bae01b4a10533489dcb1063b1fdcd505c4929dbc8c3a9c88916f2
577,2026-09-09 10:00:24.26699+00,SUNAT,benchmark,3.3510,3.3600,0.0090,7ba4430f11f37cc22b4ce65974cb431769f33ac8e64bc17bd82352c8bfbeb4e8
578,2026-09-09 10:00:24.475078+00,AVG_BANKS,benchmark,3.6740,3.5190,-0.1550,6a53c6cb58716e684240e438d6fdde4206b08e967767df75429bb3f6bb28cc34
579,2026-09-09 10:00:24.675146+00,TKAMBIO,casa_digital,3.3400,3.3700,0.0300,bd7440ff972a5ecf0032d8e4aed50ac1cb95c2cddfab63616140c2f704a3ae79
580,2026-09-09 10:00:24.798259+00,TUCAMBISTA,casa_digital,3.3390,3.3690,0.0300,b277224a8f3a725288b93252d3ede568ebbbf368ced1b2e121bd5352c5e5082c
581,2026-09-09 10:00:25.059391+00,KAMBISTA,casa_digital,3.3370,3.3720,0.0350,eb3e971d2401770324da08c35ae579ae04cf63742eb0cb2cd73eacfd498f5da7
582,2026-09-09 10:15:19.22195+00,CAMBIX,casa_digital,3.3400,3.3800,0.0400,81a10cd069e557e37132ea4fb771f4546371d72a6bc0b909d8f2bcb5bd9c7e46
583,2026-09-09 10:15:19.64039+00,REXTIE,casa_digital,3.3385,3.3715,0.0330,d0a30011cc8f3f61025368b2a0a278916f7b51deee2f8c3b907900842c1c7a43
584,2026-09-09 10:15:19.854013+00,SUNAT,benchmark,3.3510,3.3600,0.0090,a8b565e5914832faec9f76f2af745a830c88c6623838d8edb1727dd458cd7ef6
585,2026-09-09 10:15:20.215191+00,AVG_BANKS,benchmark,3.6740,3.5190,-0.1550,1af12087c275f787326824259819f684feb4640b35b34993c1bd74772f412558
586,2026-09-09 10:15:20.527431+00,TKAMBIO,casa_digital,3.3400,3.3700,0.0300,fca1d0bb117e1c03bbdc0c617686abfb2af64551c18672f8987eb6ddc25d5b71
587,2026-09-09 10:15:20.684909+00,TUCAMBISTA,casa_digital,3.3390,3.3690,0.0300,2832d56b85d9cf53f53e425db3444c7ccfd8f451cf0be4acbcb99a9bc48b6bee
588,2026-09-09 10:15:21.089169+00,KAMBISTA,casa_digital,3.3370,3.3720,0.0350,81a406c3a61b0105ee7f9cdc6c842da3b680d42f1a7900d60e7caef53bd88aae
589,2026-09-09 10:30:22.398521+00,CAMBIX,casa_digital,3.3400,3.3800,0.0400,64e05351f654c255575f4d65697ae7c4661aca5bab209962bc0f4812dbfb361f
590,2026-09-09 10:30:22.767859+00,REXTIE,casa_digital,3.3385,3.3715,0.0330,071ae72d0dd073e461a9ba23f5c0872bae2ff98d6c4f58d0001f0dbae8bbcefd
591,2026-09-09 10:30:23.077768+00,SUNAT,benchmark,3.3510,3.3600,0.0090,33f293ca0ea329713b979d267a47662775494978bb801a910b0ebe2276ac9e93
592,2026-09-09 10:30:23.372915+00,AVG_BANKS,benchmark,3.6740,3.5190,-0.1550,08729703734cd2dd9ec2d83237f9b1787ca027aba871766969afd718215bba57
593,2026-09-09 10:30:23.542817+00,TKAMBIO,casa_digital,3.3400,3.3700,0.0300,b54e2986b41f3abee5d57f7a86fd7b9bbe2e8ef0824d0fe357167e3de8608600
594,2026-09-09 10:30:23.859867+00,TUCAMBISTA,casa_digital,3.3390,3.3690,0.0300,6f0927c22e25daf2666f6b11b123bf35843ea9badcb0af5a114d20c819379f85
595,2026-09-09 10:30:24.03523+00,KAMBISTA,casa_digital,3.3370,3.3720,0.0350,a2ddde2c28824178f95e4f27d3783e96a6efb1a912265a265b83bf66f3f66011
596,2026-09-09 10:45:18.526834+00,CAMBIX,casa_digital,3.3400,3.3800,0.0400,acf194507d16e2c99c33173b8f4cf505f3a81ccb45fb7c73d1fcdbb42fcf8ec2
597,2026-09-09 10:45:18.920237+00,REXTIE,casa_digital,3.3385,3.3715,0.0330,035607ce9b014c6acb833047e8e1ead1baabf4017e6f48637daf75e3389eaea7
598,2026-09-09 10:45:19.2376+00,SUNAT,benchmark,3.3510,3.3600,0.0090,09a70731b3084fb0a39824234e74b9817d674e6368807271283f9c810335f1cc
599,2026-09-09 10:45:19.748226+00,AVG_BANKS,benchmark,3.6740,3.5190,-0.1550,8e8a9be419d61a1cad3fa79e660c8da675c2668e4fa139cce2ea319f0d8a4b6a
600,2026-09-09 10:45:20.069414+00,TKAMBIO,casa_digital,3.3400,3.3700,0.0300,2e03b2e958e1cefcae8316b052e8cf9ec6ccbea2524ac5b316c2ce306b76ec4a
601,2026-09-09 10:45:20.378038+00,TUCAMBISTA,casa_digital,3.3390,3.3690,0.0300,30582ca0e7d009a1f02729410beb5364c38dc712ccb99957ba85cb8c1c529ac5
602,2026-09-09 10:45:20.551319+00,KAMBISTA,casa_digital,3.3370,3.3720,0.0350,24d5613a3be5ad7230d6452101ce34cc213c718c26c78050faa864eec3e3e488
603,2026-09-09 11:00:26.451901+00,CAMBIX,casa_digital,3.3400,3.3800,0.0400,464c16379b0a332f023b5b543d6dcd0e30097223e3dfc6b4421299b2f13ced5a
604,2026-09-09 11:00:26.792469+00,REXTIE,casa_digital,3.3385,3.3715,0.0330,e6bcc6ea610748f2e213952a31bd968098183347dbe7eada106aee684316ac0e
605,2026-09-09 11:00:27.037265+00,SUNAT,benchmark,3.3510,3.3600,0.0090,c858352cb6ff5519b9d975e7a6cc0254e274ea394b6679641a1dc4e34ac56ddf
606,2026-09-09 11:00:27.449304+00,AVG_BANKS,benchmark,3.6740,3.5190,-0.1550,e775d63a985a61f87d77004b664f05fb1f395dc0f33f1d215ae4c8052b33b9b9
607,2026-09-09 11:00:27.675052+00,TKAMBIO,casa_digital,3.3400,3.3700,0.0300,40a06d53b4ad9928dccf64f883aeee4af9ce0fd97fd6bc7727f85e8bd7eceb07
608,2026-09-09 11:00:27.898043+00,TUCAMBISTA,casa_digital,3.3390,3.3690,0.0300,f2090d72ad129c10de60ed24fd986d61cabba65d377d9790c7655305d4769d55
609,2026-09-09 11:00:28.117832+00,KAMBISTA,casa_digital,3.3370,3.3720,0.0350,d65976c85677de548992b710e29d84048cab09e566b5faaf47e7b89a9c1fee76
610,2026-09-09 11:15:18.789396+00,CAMBIX,casa_digital,3.3400,3.3800,0.0400,d1c6ce6496f49b6c4e3e219194eaaaf7ebfe5d5a936594da6be9c149cb777db5
611,2026-09-09 11:15:19.155285+00,REXTIE,casa_digital,3.3385,3.3715,0.0330,5041d943d55cc28738a467436db68301ff7b0c4af46a03cbcf71fee0cd074ad2
612,2026-09-09 11:15:19.368083+00,SUNAT,benchmark,3.3510,3.3600,0.0090,17fc54b3b873d145fe80f4ae435ea8ef956257bb643ec236dd464eb8a62cb34f
613,2026-09-09 11:15:19.553291+00,AVG_BANKS,benchmark,3.6740,3.5190,-0.1550,d86ea45cc8ba094da3e7253e1fc55d92b828ade0e228ab99a0466316f11eede0
614,2026-09-09 11:15:19.758818+00,TKAMBIO,casa_digital,3.3400,3.3700,0.0300,48f41cdf377610b17945aa2635a1145e37b577dc94e26a2b47af4ae800d86ac7
615,2026-09-09 11:15:19.972197+00,TUCAMBISTA,casa_digital,3.3390,3.3690,0.0300,9d8c0cd986685ce36c0be1a4caf978c9da21abd9d05b0b7053622a330f6d51c9
616,2026-09-09 11:15:20.207763+00,KAMBISTA,casa_digital,3.3370,3.3720,0.0350,e79c7b075c51793dd35ed2f058e3978223ddc6fbb8f64e16d9d61f79299bb551
617,2026-09-09 11:30:22.91757+00,CAMBIX,casa_digital,3.3400,3.3800,0.0400,d0b3e7cafcdc5a2d0d689a1bcdb80ed2fdc02efb92a2b9a95c9812b28a210e73
618,2026-09-09 11:30:23.138699+00,REXTIE,casa_digital,3.3385,3.3715,0.0330,c5b16e3eae7e0b3e8b380b29146c902dd91a8488098b74ba3d13c1ef3ed0fd66
619,2026-09-09 11:30:23.564918+00,SUNAT,benchmark,3.3510,3.3600,0.0090,c1e5a7dc9f244651f24e16e599723c35d0a211d5e555837f7b3e2f449126b843
620,2026-09-09 11:30:23.801309+00,AVG_BANKS,benchmark,3.6740,3.5190,-0.1550,b6a6afddf617dbbc592e7aea2819396b2fda872c82f9f230a5c10386d6d219b1
621,2026-09-09 11:30:24.045159+00,TKAMBIO,casa_digital,3.3400,3.3700,0.0300,c53920a870f18d6a2acf76308b1e87f5bb66adc277fcf3948aa1581e7e297620
622,2026-09-09 11:30:24.275136+00,TUCAMBISTA,casa_digital,3.3390,3.3690,0.0300,2f048a9a714af3bcdd811625d8cbedd096a6d3c71c3705bcd344c89191e2617b
623,2026-09-09 11:30:24.4418+00,KAMBISTA,casa_digital,3.3370,3.3720,0.0350,bf3e2214c89b0ba4ec84f6c916192433e8d9a9c9ee59ced833e9aeb0b936bff9
624,2026-09-09 11:45:24.338215+00,CAMBIX,casa_digital,3.3400,3.3800,0.0400,2002b47854907dc215d9e82bfd6a895c8903139235530977c46076b1dc147725
625,2026-09-09 11:45:24.699091+00,REXTIE,casa_digital,3.3385,3.3715,0.0330,e16702d2a935bf4402c9369f41ad78eb64a8d3f1e133dd9c43f56d7a41b7ded1
626,2026-09-09 11:45:25.006279+00,SUNAT,benchmark,3.3510,3.3600,0.0090,33e5ed8cfa55ef9dfb61574a233a3a495bf21703151bd0c4164d45450aa0cc7a
627,2026-09-09 11:45:25.222468+00,AVG_BANKS,benchmark,3.6740,3.5190,-0.1550,b5b1bfc78936bc1b44529eaecf40e660f618c8e8723d4bfbd0211f6eaf0dd153
628,2026-09-09 11:45:25.55777+00,TKAMBIO,casa_digital,3.3400,3.3700,0.0300,242a9918f8aad13bf5b5498eef2dcc51a85007bd34811c2ca30994c675d8cf71
629,2026-09-09 11:45:25.88676+00,TUCAMBISTA,casa_digital,3.3390,3.3690,0.0300,a5476b9fc6b776ac839bf5d920e246a4b009269b6dc11218fb7c272173f10e31
630,2026-09-09 11:45:26.192745+00,KAMBISTA,casa_digital,3.3370,3.3720,0.0350,a30c6a7a2d761c923d0fa9e130f1110e584dbda0a1707243c33cee7566e11d64
631,2026-09-09 12:00:25.432961+00,CAMBIX,casa_digital,3.3400,3.3800,0.0400,473e298f470aaed8c2f52c30f3b0b43a1bdb7b0d4da52116fd430df47fbc3ad5
632,2026-09-09 12:00:25.628713+00,REXTIE,casa_digital,3.3385,3.3715,0.0330,bc93dd3891b202f93e57dd34a01fb07cd25299993b5268f30ea900ed934afcbc
633,2026-09-09 12:00:25.782426+00,SUNAT,benchmark,3.3510,3.3600,0.0090,3419e8475192bf67d7c77e3592667655e8dd0a252f526036a5352a5f8cb3c067
634,2026-09-09 12:00:25.925478+00,AVG_BANKS,benchmark,3.6740,3.5190,-0.1550,973ec1c54eed7ded2717a646580e863094a8f75ee3cffe02041eea18040f14a1
635,2026-09-09 12:00:26.080435+00,TKAMBIO,casa_digital,3.3400,3.3700,0.0300,07f8879cb562b250bd58325133f6e9d6f5a1e70ce611b0fb7004690abcf9641c
636,2026-09-09 12:00:26.227166+00,TUCAMBISTA,casa_digital,3.3390,3.3690,0.0300,110c3bad8376e412d863f4ff72cd3275198ad473f2ba85145d475fe12b141699
637,2026-09-09 12:00:26.368534+00,KAMBISTA,casa_digital,3.3370,3.3720,0.0350,3a4a7c8e8316a5ed135f5eb46a6918144d9bd2f217d5179ecc9c48e577851d2f
638,2026-09-09 12:15:19.074724+00,CAMBIX,casa_digital,3.3400,3.3800,0.0400,64d98440832f53bd472be326c962ca091b046155747db00353c9f834c19c1419
639,2026-09-09 12:15:19.363763+00,REXTIE,casa_digital,3.3385,3.3715,0.0330,d12a94c465fe560edef8129f77b12a07034b2c7876c2e6a4620d42b45d0c2b3a
640,2026-09-09 12:15:19.629381+00,SUNAT,benchmark,3.3510,3.3600,0.0090,36289e303f825ac41348b628799a22de47178c8868f4ff223bc16100096028a7
641,2026-09-09 12:15:19.869835+00,AVG_BANKS,benchmark,3.6740,3.5190,-0.1550,2ade4ad453ed50710c73815bf263c5f8f1e2d9b43063e3f015d41d0e759c33b7
642,2026-09-09 12:15:20.128704+00,TKAMBIO,casa_digital,3.3400,3.3700,0.0300,2a976d6eaa5b61896de862228505b325566659a94b8b9d1500f51e5603463c25
643,2026-09-09 12:15:20.396249+00,TUCAMBISTA,casa_digital,3.3390,3.3690,0.0300,6ecc98d232df566a484c1c7d535f3bb3f2d4bc4ed2f55ba685f50dd82e316807
644,2026-09-09 12:15:20.646734+00,KAMBISTA,casa_digital,3.3370,3.3720,0.0350,1e12f115e75f1933d67137fbdb61a93627ba3f2698249761d2280c706c1edc1e
645,2026-09-09 12:30:21.613454+00,CAMBIX,casa_digital,3.3400,3.3800,0.0400,2e448579c989dad88f035f2ef9ff4a177b70df46958810fb972ea62b6b399564
646,2026-09-09 12:30:22.035793+00,REXTIE,casa_digital,3.3385,3.3715,0.0330,85e2da6b8b8c784682e331c705a4b458c277271a82c39e14b5623ae556b5e943
647,2026-09-09 12:30:22.374237+00,SUNAT,benchmark,3.3510,3.3600,0.0090,ec9de4d406d58e3176360d790d64690874d006fcf4c64c40aa56e182444b1cba
648,2026-09-09 12:30:22.689707+00,AVG_BANKS,benchmark,3.6740,3.5190,-0.1550,47c077b05a5850d13ddb479a7f84412c576d3d203d1c7164a1dceeb6096b08fb
649,2026-09-09 12:30:23.07865+00,TKAMBIO,casa_digital,3.3400,3.3700,0.0300,165c1d35b4af9bce432cc86e8941cb7c9508205727d346b1e9492b61b585d0ba
650,2026-09-09 12:30:23.435249+00,TUCAMBISTA,casa_digital,3.3390,3.3690,0.0300,e2b820d16b9111098eb0aaf6bbe25351c7dab5c876c6866ad1bebc06d55893bc
651,2026-09-09 12:30:24.296025+00,KAMBISTA,casa_digital,3.3370,3.3720,0.0350,2aeef1d08f4b4114d85130384b4db0b71f574f2f98ba66f5470f35308239a354
652,2026-09-09 12:45:18.585218+00,CAMBIX,casa_digital,3.3400,3.3800,0.0400,06551e0d3c4619f004e30b3429afb2126baa8b97265c356023148ae64a2da0f2
653,2026-09-09 12:45:18.873343+00,REXTIE,casa_digital,3.3385,3.3715,0.0330,c33ead451d7f005e6a6a53616aed07534bee298f0e935a836918ede237594855
654,2026-09-09 12:45:19.021983+00,SUNAT,benchmark,3.3510,3.3600,0.0090,8e496e4b1d66e91d9a1b4012667df3125e0cbfb3d0cc55058e7f149f9fa5f2b7
655,2026-09-09 12:45:19.288145+00,AVG_BANKS,benchmark,3.6740,3.5190,-0.1550,95240a1ff8ae3aeba3819b2d0912a58b2cfccaee08b085afb5ad2be53f12bf09
656,2026-09-09 12:45:19.564043+00,TKAMBIO,casa_digital,3.3400,3.3700,0.0300,29266fde1b91a9d590b99e963e6d9c37b6cc03408ea10a351cd785f5bfc962f6
657,2026-09-09 12:45:19.810433+00,TUCAMBISTA,casa_digital,3.3390,3.3690,0.0300,1305a399134fbe25d0c332280fbf40d44104c5bd8c0fef1ed1819c455811024e
658,2026-09-09 12:45:20.052286+00,KAMBISTA,casa_digital,3.3370,3.3720,0.0350,9eaf6b44f55f253a14f3098934a5a00202560de6e82a2027f30011836c1e122f
659,2026-09-09 13:00:23.532971+00,CAMBIX,casa_digital,3.3400,3.3800,0.0400,60a4696d1ed5d135b8d91b3d9435f2e6221325a7ac1e6115e3e80f548a412e4e
660,2026-09-09 13:00:23.910541+00,REXTIE,casa_digital,3.3385,3.3715,0.0330,b28fabd395df13137d358d6f9046d7e6c47f207deb3e2fb2ebeac27aeaa395fe
661,2026-09-09 13:00:24.163997+00,SUNAT,benchmark,3.3510,3.3600,0.0090,d84fdc8797b19bd6768d06d38bd83e90956aa7ecd601fbc320def97bfdb3b7e8
662,2026-09-09 13:00:24.41376+00,AVG_BANKS,benchmark,3.6740,3.5190,-0.1550,152d52d12d1d7e981d3625e310c13ca19b55ab3bd3f0f76b92b6aa891fe6aa45
663,2026-09-09 13:00:24.696631+00,TKAMBIO,casa_digital,3.3400,3.3700,0.0300,53f8dae5d15cbc2f9f9588884632a31d83d8786d4b15996b84a2a9f1da7e808f
664,2026-09-09 13:00:24.94187+00,TUCAMBISTA,casa_digital,3.3390,3.3690,0.0300,7369505202c8b6f7c0692c114465740058f4a56afac02962c9b8251e02e10efe
665,2026-09-09 13:00:25.246917+00,KAMBISTA,casa_digital,3.3370,3.3720,0.0350,a429e015c9071e47ba276f8eb07c81a281bea97f19aa1b043da148ca355a2170
666,2026-09-09 13:15:19.192016+00,CAMBIX,casa_digital,3.3400,3.3800,0.0400,44f25e99dee70d52ff5187a29c0c52e86bd2c3fbc11cf57cf92fde934395bf02
667,2026-09-09 13:15:19.377353+00,REXTIE,casa_digital,3.3385,3.3715,0.0330,1db713803bb6dce970720f48be6fd7ed1cf50b16a54cb5471b31a1656f136fd3
668,2026-09-09 13:15:19.538577+00,SUNAT,benchmark,3.3510,3.3600,0.0090,0c2605033a284fe808259837cfb456d1364146fb3fdd17f8e9d9be213926bfa8
669,2026-09-09 13:15:19.682867+00,AVG_BANKS,benchmark,3.6740,3.5190,-0.1550,44954e5c260c541a9b1a245bc32fa57e51bb0048c491ff70d8eaa8775aa08ee3
670,2026-09-09 13:15:19.83975+00,TKAMBIO,casa_digital,3.3400,3.3700,0.0300,9a348dabe253720a1e8381b4a34a7b281b48dd08fd51ccf934bbca96fec112a1
671,2026-09-09 13:15:19.997383+00,TUCAMBISTA,casa_digital,3.3390,3.3690,0.0300,0dd241195b0546c1cdc29b32419869b630c90eb43d45ae70a7a3dca22eaa7a19
672,2026-09-09 13:15:20.138123+00,KAMBISTA,casa_digital,3.3370,3.3720,0.0350,06881fa56c79fc9a9db9e4934e51f1089742c3303eef199dc2eda8cf94743e45
673,2026-09-09 13:30:23.313642+00,CAMBIX,casa_digital,3.3400,3.3800,0.0400,8b26ecdf14a3c857f043f4ef93267ec990d1cf34548a766d4b3a1db34f0028f6
674,2026-09-09 13:30:23.521717+00,REXTIE,casa_digital,3.3385,3.3715,0.0330,9607f11932377fb701237821cdebe0be1c5c2b28449cea42f4b86f063fe6b848
675,2026-09-09 13:30:23.695816+00,SUNAT,benchmark,3.3510,3.3600,0.0090,22703944106be8655de845fe59ceb58a590c0499c0f5e8cad217d8e0a8300567
676,2026-09-09 13:30:23.883742+00,AVG_BANKS,benchmark,3.6740,3.5190,-0.1550,3b67ce57e3d406c31aadc0f098633c0bdfe8256f2990360c6be4e668c0600fe6
677,2026-09-09 13:30:24.019102+00,TKAMBIO,casa_digital,3.3400,3.3700,0.0300,9fd4ab2b06df6a94c2d69ccfcdcb61e81ba78f1577ff3cb8ad5658eb9fcec5e7
678,2026-09-09 13:30:24.178842+00,TUCAMBISTA,casa_digital,3.3390,3.3690,0.0300,4c6e40809e1f25da0c76c2d3b34fd08f209248436a7695aaa3505adb6a4d6ee8
679,2026-09-09 13:30:24.350287+00,KAMBISTA,casa_digital,3.3370,3.3720,0.0350,3dd40deb943ff984e8a012d3a531bbe5007be8ab3eed49b39dcb3bde2a2351dc
680,2026-09-09 13:40:37.907032+00,CAMBIX,casa_digital,3.3400,3.3800,0.0400,2f13b258a5e1bb64b7cc623a1bbc0185a3edab77ae7af37e943b2e3cd5ab9cc2
681,2026-09-09 13:40:38.324923+00,REXTIE,casa_digital,3.3385,3.3715,0.0330,f01011a8757e948846e5a6a2879b1bd5d478fc6e6d8b1bd5a3b4c81302e15af8
682,2026-09-09 13:40:38.664196+00,SUNAT,benchmark,3.3510,3.3600,0.0090,544c94e4f07d02a9a9c0f60204443c611999bf2fc6ac5aeadaad90e08e362d03
683,2026-09-09 13:40:38.86857+00,AVG_BANKS,benchmark,3.6740,3.5190,-0.1550,1a45e143cc86c9007b422030007e1e2175020ca285c7197cc79c68e1c60314d1
684,2026-09-09 13:40:39.057296+00,TKAMBIO,casa_digital,3.3400,3.3700,0.0300,3fd01785684f89d2aeb34536a6f5593a9ea2c15005fda105a4cbe504636b27b2
685,2026-09-09 13:40:39.248446+00,TUCAMBISTA,casa_digital,3.3390,3.3690,0.0300,0e59e8c79ea64af4ab8444a5b93a8b534119038e10b7e0e9efe5eb55f1004202
686,2026-09-09 13:40:39.430564+00,KAMBISTA,casa_digital,3.3370,3.3720,0.0350,4b2a1e9b333e3c6a0c11a4a3b619d284dd62ac3bd3bfde672d9203a711d7d37e
687,2026-09-09 13:45:25.045055+00,CAMBIX,casa_digital,3.3400,3.3800,0.0400,e7921e4d9c02214eece50652066a49ba98fdfc7c89a0ba09816d84998f390bb8
688,2026-09-09 13:45:25.21282+00,REXTIE,casa_digital,3.3385,3.3715,0.0330,d783733e43289d2855f282acea70e913101cb77ebbea4a594de309dc33b51aee
689,2026-09-09 13:45:25.443172+00,SUNAT,benchmark,3.3510,3.3600,0.0090,3ad21537d596da3a37a3fcfdbf5881d8da3429cebd01f904f97cd455bd2ffe4c
690,2026-09-09 13:45:25.686238+00,AVG_BANKS,benchmark,3.6740,3.5190,-0.1550,5c42d5f036c9daa6cdf4af8461c537c7c3890993e1c310a6889f177603c7d05a
691,2026-09-09 13:45:25.909873+00,TKAMBIO,casa_digital,3.3400,3.3700,0.0300,e15fa88c5e9b8a7fc56d742730131ea9f5cfaecaca67cde6928236a0c8effe36
692,2026-09-09 13:45:26.145376+00,TUCAMBISTA,casa_digital,3.3390,3.3710,0.0320,ed38b0f416995b23b32b41cd783fcb0ccf105d34fa5c154e9697f19181a09089
693,2026-09-09 13:45:26.382245+00,KAMBISTA,casa_digital,3.3370,3.3720,0.0350,e5c65a4b4485c8b950327ceb1f42409aa0db8ca5273bd4499aa89321658d62f2
694,2026-09-09 14:00:23.453817+00,CAMBIX,casa_digital,3.3400,3.3800,0.0400,60228a38a9adafe91983f5c9a4d3b4fd611eb832525fb191e1e642462b0e6c3a
695,2026-09-09 14:00:23.647736+00,REXTIE,casa_digital,3.3410,3.3700,0.0290,389406ad187ffe61c59e10f71304d5c9b4837d84f8ada5060915320f512471d1
696,2026-09-09 14:00:23.800852+00,SUNAT,benchmark,3.3510,3.3600,0.0090,9dab3e36ad2dadd550d3c38fcb66573eacfa360a20b31523845705585044194f
697,2026-09-09 14:00:24.065577+00,AVG_BANKS,benchmark,3.6740,3.5190,-0.1550,e567124bd78995531877ef69706c693a3c3d5043cec3980f8367904248115221
698,2026-09-09 14:00:24.362187+00,TKAMBIO,casa_digital,3.3410,3.3700,0.0290,a6dc1eb97cc806cc5e2c39a6808e9d5d1d14067557350153b854d7d388e99aa5
699,2026-09-09 14:00:24.733108+00,TUCAMBISTA,casa_digital,3.3390,3.3710,0.0320,1e5d4a8e38f270ae9026cefda9f4610fdb319fd33d9c71364933d6297eeb9701
700,2026-09-09 14:00:25.010532+00,KAMBISTA,casa_digital,3.3390,3.3740,0.0350,4c1bc7091999875fd828a72767ce6a0665dce5090a277eb111f41ec324a552a1
701,2026-09-09 14:15:30.475359+00,CAMBIX,casa_digital,3.3400,3.3800,0.0400,9908fb71cb625b0142d9dee667d9f6cf4de7146f1f95e3512c835fdf65dbb836
702,2026-09-09 14:15:30.928773+00,REXTIE,casa_digital,3.3400,3.3700,0.0300,1e1b6080fcc1dfde607470dc9edd46b62aefb060c05913ef057380263dbbdff0
703,2026-09-09 14:15:31.513768+00,SUNAT,benchmark,3.3510,3.3600,0.0090,338160730ff3b584c43e7b5c71a288d06f81dea8828992d9ea4983aa47618a30
704,2026-09-09 14:15:31.846895+00,AVG_BANKS,benchmark,3.6740,3.5190,-0.1550,0bc2b8cbfd935545e7a57c48452bb6da083aacf37140179750c7b7e1f5d6b207
705,2026-09-09 14:15:32.7827+00,TKAMBIO,casa_digital,3.3410,3.3700,0.0290,f287d9deead5c6a7c7ba7006ea7a38589f30c2ee27bd7a2f660bb62d26cbd722
706,2026-09-09 14:15:33.12527+00,KAMBISTA,casa_digital,3.3420,3.3680,0.0260,b9a52f5c7015f69e5dc466e73ebe6283e45751d098a6feee06317635ca7e5231
707,2026-09-09 14:30:31.598024+00,CAMBIX,casa_digital,3.3500,3.3600,0.0100,ea74445910e2d68f81aaaa835c8dbde74f623c67b883699761eb115b15ddc512
708,2026-09-09 14:30:32.013783+00,REXTIE,casa_digital,3.3405,3.3705,0.0300,d89941900113a7fb5812376ae81fa1ea7fc1136395bfc11a77cb9669e56c5d4b
709,2026-09-09 14:30:32.377283+00,SUNAT,benchmark,3.3510,3.3600,0.0090,6a7dddb988be2cd7c9db3a4390fa470a241bb7a6b324b23a306daf6b886d9a2e
710,2026-09-09 14:30:32.747919+00,AVG_BANKS,benchmark,3.6740,3.5190,-0.1550,38bf5b4a572f5ad5842d86f8deb142dcd7b807dd802ba5db2e78663a1a2c11ee
711,2026-09-09 14:30:32.954068+00,TKAMBIO,casa_digital,3.3430,3.3680,0.0250,4e6df1c49504a3a0443855ac519b297dcceea85154c7c0943800435112ba23ad
712,2026-09-09 14:30:33.130966+00,KAMBISTA,casa_digital,3.3420,3.3670,0.0250,9b341621a484c634eaf7dc003cf0b89b25b07afa8be7b93c13ecc2f047822ec0
713,2026-09-09 14:45:29.188535+00,CAMBIX,casa_digital,3.3500,3.3600,0.0100,7eb8db5b0ef57cf0ffd9613ac31940f33083f700198c42e7a78e64ade68438c5
714,2026-09-09 14:45:29.44911+00,REXTIE,casa_digital,3.3410,3.3700,0.0290,9acc7c751ef42bcef8a81ee5d01eb3df669753e6c8fe7f6a1f84536955768b51
715,2026-09-09 14:45:29.720757+00,SUNAT,benchmark,3.3510,3.3600,0.0090,89ba1d28e1bb2fabd086eba1d3c6886be0b3fc417dc3511fbd88fad9c3132c91
716,2026-09-09 14:45:29.98441+00,AVG_BANKS,benchmark,3.6740,3.5190,-0.1550,318040d6b1b7fa5dba8772ac770d45d5578fb560b837ed337b498f1bd7252d3b
717,2026-09-09 14:45:30.241259+00,TKAMBIO,casa_digital,3.3430,3.3670,0.0240,4819013b12107a9c68ae1ba9e9634c92f9ea15992a627d58d018ed8d23823889
718,2026-09-09 14:45:30.539194+00,KAMBISTA,casa_digital,3.3430,3.3680,0.0250,f790b0cee3bb99c379167b9c4e957e83db7512062e3dbd508e590abf4edf9f1d
719,2026-09-09 15:00:26.443359+00,CAMBIX,casa_digital,3.3500,3.3600,0.0100,28e74671e1933f97ed609211c446bc3c347cc86ede3e6e3573bb8b02ae084e87
720,2026-09-09 15:00:26.694943+00,REXTIE,casa_digital,3.3425,3.3725,0.0300,70b35acafda66cc799c8979424179f45ae642a5a80ba18581f5cbb575e6219c0
721,2026-09-09 15:00:26.878437+00,SUNAT,benchmark,3.3510,3.3600,0.0090,39fa39d659c291951e93f2fa84cb54c50d468c44d7b29d3b49655f8398bc4455
722,2026-09-09 15:00:27.20846+00,AVG_BANKS,benchmark,3.6740,3.5190,-0.1550,49c4659f293e505db1b017ff91770502a5f30c169a028f74b8f8071e6da76c62
723,2026-09-09 15:00:27.783716+00,TKAMBIO,casa_digital,3.3430,3.3670,0.0240,ea8d86c2b505b086f01a1f69b830a3b0680ae981df8c3877a91ddb2288de20bc
724,2026-09-09 15:00:27.969232+00,TUCAMBISTA,casa_digital,3.3450,3.3690,0.0240,2fcdec76be815c9d4369bb05fbafa2d8c15cb07b14133a65dc24f65e4d722184
725,2026-09-09 15:00:28.112255+00,KAMBISTA,casa_digital,3.3440,3.3690,0.0250,f6df2ef04fe00f5aa8bc249bb8114ad2a39243f36c5ad27a6e20ab14ace5e8d7
726,2026-09-09 15:15:37.390249+00,CAMBIX,casa_digital,3.3500,3.3600,0.0100,141c43d03e04b741dc76d2a99da7790de34e438b8c1747b49f030e8ae35c14b7
727,2026-09-09 15:15:37.675406+00,REXTIE,casa_digital,3.3420,3.3720,0.0300,d0a8dd3a5ec06bae3741680f72c19e18302767a6d33fa8dcae4bb951dbc2efd9
728,2026-09-09 15:15:37.87775+00,SUNAT,benchmark,3.3510,3.3600,0.0090,9df82fda6524cf9dffd7363f53aa67adadf2d2a49fce9aac52f2b57849a237e5
729,2026-09-09 15:15:38.105311+00,AVG_BANKS,benchmark,3.6740,3.5190,-0.1550,3ca0a55ff8952b91a8a6ee65c583643ab2198f168044526d4ac7e6285af9c95a
730,2026-09-09 15:15:38.301996+00,TKAMBIO,casa_digital,3.3470,3.3700,0.0230,40930e7fd579418317437aa75dbd3976d6fbba0df8f5342b6dc7dd00ed5a2f3e
731,2026-09-09 15:15:38.513401+00,KAMBISTA,casa_digital,3.3470,3.3720,0.0250,d778e661650fde70b298bba24cd65b2b0472a029998e36246ae5d8eeae6050ed
732,2026-09-09 15:30:28.892192+00,CAMBIX,casa_digital,3.3500,3.3600,0.0100,c570bf8c912ee196d803819c40d987b2ba52e8bbd468b0a939915636c2c3203a
733,2026-09-09 15:30:29.232051+00,REXTIE,casa_digital,3.3440,3.3740,0.0300,cd140316f5521c55f0153507380bb5e7de9602e34ef0a5faacc7fb9c50c1228f
734,2026-09-09 15:30:29.419632+00,SUNAT,benchmark,3.3510,3.3600,0.0090,7b9151df673493f553e04e7c15889142858104ccf372be3b222cbcb35995413f
735,2026-09-09 15:30:29.716531+00,AVG_BANKS,benchmark,3.6740,3.5190,-0.1550,c1bf9324f93e07b2a9a82aba47879587c58ffc23de52f0dea99d502c80b1f80e
736,2026-09-09 15:30:29.889814+00,TKAMBIO,casa_digital,3.3490,3.3720,0.0230,28bc9a77ae18bdd0981b6667f81a2eb0c65dec9d927fcd84bd4c0a440a1df214
737,2026-09-09 15:30:30.104268+00,TUCAMBISTA,casa_digital,3.3480,3.3725,0.0245,6f74f7c55cb00d4263b9a02a636acf6c50efe2791f6b281e3c86c7c896bc8479
738,2026-09-09 15:30:30.294556+00,KAMBISTA,casa_digital,3.3460,3.3720,0.0260,95749b4e23e66f3c70b9d34e7f5b39c5992f70f5f56eea033840e9f0cf8cb512
739,2026-09-09 15:45:33.149761+00,CAMBIX,casa_digital,3.3500,3.3600,0.0100,7c95d96ea7b3ae94533cc3283233bdaf63d48750143b5c4d98825cc22300253b
740,2026-09-09 15:45:33.453566+00,REXTIE,casa_digital,3.3420,3.3720,0.0300,54d8087260ca02f84f6102f62cef170370c6376a33a88ee7d1d8c6ac98c7a0e2
741,2026-09-09 15:45:33.714308+00,SUNAT,benchmark,3.3510,3.3600,0.0090,fce9b13d7c3c3a6cc59038ba8f6f0f6d5aff208496c9794fa5d571881340b20b
742,2026-09-09 15:45:33.881958+00,AVG_BANKS,benchmark,3.6740,3.5190,-0.1550,8f046313c84707b2c1e5755f2275975fa15a97b79b63407a8a8b31c0e6b90cd9
743,2026-09-09 15:45:34.047758+00,TKAMBIO,casa_digital,3.3460,3.3700,0.0240,e7085eeb0811f28878df9d8ee693108de23328daf742de4df693c6154e6a14e7
744,2026-09-09 15:45:34.313099+00,KAMBISTA,casa_digital,3.3450,3.3710,0.0260,f17966f88a6e55b82c4e28c3f0229f75cfa322f6a4e771667990ea897cdbcf33
745,2026-09-09 16:00:34.068882+00,CAMBIX,casa_digital,3.3500,3.3600,0.0100,8bcdd13fbdf5790b56cd2b6d3b73907b2346e364d9f4380c8d4036debd83cca0
746,2026-09-09 16:00:34.489965+00,REXTIE,casa_digital,3.3420,3.3720,0.0300,4bb58085c42e943d73049465e87c649f4cb1dc77091badeb187b98a9577afcba
747,2026-09-09 16:00:34.777821+00,SUNAT,benchmark,3.3510,3.3600,0.0090,39b562a47afd44d4cd8bcc86269a45b4920cc2ae2a76defcb27a3d79f40d8ee1
748,2026-09-09 16:00:35.049173+00,AVG_BANKS,benchmark,3.6740,3.5190,-0.1550,055c3da2a04cbb07ba9420ac53cfdcb2ca6ac8dce1eba20d8eee583698a32f9c
749,2026-09-09 16:00:35.214387+00,TKAMBIO,casa_digital,3.3460,3.3700,0.0240,b29c952c95bdc94218ab547c752e3c08cf7d89948daf4dee9aba5da00433ffc3
750,2026-09-09 16:00:35.48911+00,KAMBISTA,casa_digital,3.3450,3.3710,0.0260,d0493ab6fb6a6732a0faa0898e6b695891e2541336d58b4ade61556728677090
751,2026-09-09 16:15:30.302736+00,CAMBIX,casa_digital,3.3500,3.3600,0.0100,e4567c16f717557a0b2f65ce8a6c397d81a1c8686cce66a372e3bc20bd5ed5b8
752,2026-09-09 16:15:30.63515+00,REXTIE,casa_digital,3.3430,3.3730,0.0300,9af893534a82dd374357983d3167a8add4b4933690d71162286b9061f6e61442
753,2026-09-09 16:15:31.129683+00,SUNAT,benchmark,3.3510,3.3600,0.0090,e829aa80d34de3708c2eae535fa0d9e97b3db9e077a7654d5d38dc4e0640837b
754,2026-09-09 16:15:31.330898+00,AVG_BANKS,benchmark,3.6740,3.5190,-0.1550,42884913149e34e844a041b59627c65e917ad5cda39b54b30f5ab7faac58f12b
755,2026-09-09 16:15:31.55126+00,TKAMBIO,casa_digital,3.3460,3.3700,0.0240,20d176eb490d729ad868c0ba402ed625117b8190271cacf3c672c4127b2db9fe
756,2026-09-09 16:15:31.742615+00,KAMBISTA,casa_digital,3.3450,3.3720,0.0270,ee66fef4ce34410ec93efba13f0a86ec8907eaef2b2a206328ab255e5a6ef1c0
757,2026-09-09 16:30:36.429614+00,CAMBIX,casa_digital,3.3500,3.3600,0.0100,cea525b441d2f6fd07fa68b04779df166f0e88ab0d199749da14094e0c9ed02c
758,2026-09-09 16:30:36.759568+00,REXTIE,casa_digital,3.3430,3.3730,0.0300,0158d50cca21d3ad227c0ca6f15d7709422384bf2256dc3891e83c9042c2e0fd
759,2026-09-09 16:30:36.897345+00,SUNAT,benchmark,3.3510,3.3600,0.0090,05ded1464c7970bddd962e3e9783b26c7e42c02bead03703d7b299199b62858b
760,2026-09-09 16:30:37.021035+00,AVG_BANKS,benchmark,3.6740,3.5190,-0.1550,54bdd5feb648b9f3708049d98a148ee5c72f6a0f956d9de84c4ebb67c33a8184
761,2026-09-09 16:30:37.17256+00,TKAMBIO,casa_digital,3.3460,3.3710,0.0250,0343996940afa4ab5a2d8b3dda6765020eb0a9de57a86604084f4b1e997124b1
762,2026-09-09 16:30:37.298034+00,KAMBISTA,casa_digital,3.3460,3.3720,0.0260,d60396bd3184b85cd600a436798f65d850ace9cab3017e00d9c1f233c7210e3a
763,2026-09-09 16:45:28.382144+00,CAMBIX,casa_digital,3.3550,3.3650,0.0100,614193ef3b26daa6a6b0e051380498a26419fd4d3a00a41445930ced40367736
764,2026-09-09 16:45:29.048462+00,REXTIE,casa_digital,3.3435,3.3735,0.0300,25d1937cdfe995edddc5d4085559ce920ee59eb67b9b460632433cea567d787d
765,2026-09-09 16:45:29.343942+00,SUNAT,benchmark,3.3510,3.3600,0.0090,0394b4f928378146139365311e0f73b694ba30ad2b119e1f12551b89a8db89fe
766,2026-09-09 16:45:29.697982+00,AVG_BANKS,benchmark,3.6740,3.5190,-0.1550,1d2e013050a3d69ae1cb7b8bf190d4d285a5dc151cc89d815b5758faf5284d26
767,2026-09-09 16:45:30.080634+00,TKAMBIO,casa_digital,3.3480,3.3720,0.0240,e904132b0c379d2582ab0d6a3ba818ef53034244b7754805bb0b37144ac30843
768,2026-09-09 16:45:30.268548+00,KAMBISTA,casa_digital,3.3460,3.3720,0.0260,7484e8aab5314613540ea58042cc4994be83ff42becf2eb0562d0539cbaeed40
769,2026-09-09 17:00:25.625671+00,CAMBIX,casa_digital,3.3550,3.3650,0.0100,e77dd8d62e6d395829d74ab05b49f82604242ab6afebf0fa82702991363c9137
770,2026-09-09 17:00:25.846513+00,REXTIE,casa_digital,3.3415,3.3715,0.0300,c4f85d329115da0878fdf016c080f90ccddc312eaa52469ec393210224ef6e5f
771,2026-09-09 17:00:26.615301+00,SUNAT,benchmark,3.3510,3.3600,0.0090,e9192bdac7d19e07f8e288d6b00f67b274da87a130b5c02d6725c6353117d89e
772,2026-09-09 17:00:26.759132+00,AVG_BANKS,benchmark,3.6740,3.5190,-0.1550,ee73045a455bed561638fa295a6a17d4d6262054b094f9a77cc39ac6423c0fab
773,2026-09-09 17:00:26.921841+00,TKAMBIO,casa_digital,3.3480,3.3720,0.0240,d6df1f17e2c6205a5a63c1335bcbb9db6bd71df6da348ce5ba95bb6c2da758c3
774,2026-09-09 17:00:27.077955+00,TUCAMBISTA,casa_digital,3.3460,3.3710,0.0250,37a1b80a3d15d828a37fc84084ec431220cd9074d16a6757964b30bce9298698
775,2026-09-09 17:00:27.254005+00,KAMBISTA,casa_digital,3.3470,3.3730,0.0260,7d12106c84b4afbca2e7c92ac7cb5ceabd6ad67bb91f1f58c4e302c129b9c3a2
776,2026-09-09 17:15:31.296764+00,CAMBIX,casa_digital,3.3550,3.3650,0.0100,07e605157ca7eae3376033d7aa0000962722162754c5f754542da7b04b481e9e
777,2026-09-09 17:15:31.744203+00,REXTIE,casa_digital,3.3415,3.3715,0.0300,0679e0d63794d59462b79d356bb6f15b24cc8ede2a2fb8cd59b12c46cacc305c
778,2026-09-09 17:15:31.927692+00,SUNAT,benchmark,3.3510,3.3600,0.0090,1cd99fb9ba4899498a0a237e02b371c98b62d43aa68a67ce45802718bcfbc583
779,2026-09-09 17:15:32.085777+00,AVG_BANKS,benchmark,3.6740,3.5190,-0.1550,491c6b7d7abe9dd9cc8274d4ddefb42ff0d7c18f1c0909362f916dd8d74f020b
780,2026-09-09 17:15:32.190267+00,TKAMBIO,casa_digital,3.3480,3.3720,0.0240,3e747f42bb8f402eb5389bc043e5a05629e7a5eb16eb469848bf922cbe188e59
781,2026-09-09 17:15:32.350953+00,KAMBISTA,casa_digital,3.3470,3.3730,0.0260,c4ac7194788b685a7899d625364826f143068d55963b5342b5d272930d65e261
782,2026-09-09 17:16:19.765642+00,CAMBIX,casa_digital,3.3550,3.3650,0.0100,e01e27ce033dc75e9ed7b97f14bfaf6124ed51578ccaa93b9f99f2e3c131b1f8
783,2026-09-09 17:16:20.167693+00,REXTIE,casa_digital,3.3415,3.3715,0.0300,aa1fcbf6ddc732f4ec0734f5c35061b3f5545874ac8da9a43f3d594a8357988c
784,2026-09-09 17:16:20.591168+00,SUNAT,benchmark,3.3510,3.3600,0.0090,29ca26464f780e0273c497038ddfaee202fbfa3c50e2ca2fd874e700db1a1276
785,2026-09-09 17:16:21.007641+00,AVG_BANKS,benchmark,3.6740,3.5190,-0.1550,ea752d02f4fcbc3f8d24dae1f2cca2382ead37c832f0ceacc8e9861db13e6748
786,2026-09-09 17:16:21.304988+00,TKAMBIO,casa_digital,3.3480,3.3720,0.0240,abe6bba017e6fbc84adc1424e623951dbed25b56cf11b9da56795005d3d7f947
787,2026-09-09 17:16:21.471914+00,KAMBISTA,casa_digital,3.3470,3.3730,0.0260,3d4d2c17ccfb8cae0296dba91e536f1f9ae64717bc32afcb73ef5768b3d17b73
788,2026-09-09 17:30:20.799463+00,CAMBIX,casa_digital,3.3550,3.3650,0.0100,2a8c33a0d778d09ce872710466ff14b07b3ebabc1126a7eba34201fe345188e5
789,2026-09-09 17:30:21.236452+00,REXTIE,casa_digital,3.3410,3.3710,0.0300,c52f01e9aa5019d3792f89a757a01d2fb5de687472e93d3b4c6a58d0bdbc6b26
790,2026-09-09 17:30:21.543569+00,SUNAT,benchmark,3.3510,3.3600,0.0090,422727eb8e04978ab764f33ea96c6092c9fc8f4efe53f7bad8d404d303da699b
791,2026-09-09 17:30:21.910751+00,AVG_BANKS,benchmark,3.6740,3.5190,-0.1550,7483d6a73b255c07facdf2d19454ad9553ab11fb3fe23c0e33210d767420b5bb
792,2026-09-09 17:30:22.087531+00,TKAMBIO,casa_digital,3.3460,3.3700,0.0240,5c08ef002a3f67394eaae2c4982b46742efca5fc48a6eacfd44128a55ab6afba
793,2026-09-09 17:30:22.671285+00,TUCAMBISTA,casa_digital,3.3470,3.3715,0.0245,f8fe277a91d64decad3d136f49bb9ebe0f1dba1f1f95fb64b8e5b68877cb7878
794,2026-09-09 17:30:25.302218+00,KAMBISTA,casa_digital,3.3450,3.3710,0.0260,e5b54df6517ef1e5e632e3af9f16ceca4793a153322f4b1ccc0925062a5c6eab
795,2026-09-09 17:45:30.230458+00,CAMBIX,casa_digital,3.3530,3.3640,0.0110,6b691849d738a0a4563645ef9d437a981bbaa932cfa285a1e2e0ba42f966082e
796,2026-09-09 17:45:31.638833+00,REXTIE,casa_digital,3.3415,3.3715,0.0300,59a99d9568aede172ba6d8452456497897d5013322fedf4b5ea6f7fb4cd53614
797,2026-09-09 17:45:31.767798+00,SUNAT,benchmark,3.3510,3.3600,0.0090,dfd00939a000a4421fe414d0570b274be8d29a011ad81ee93e1589ef80281140
798,2026-09-09 17:45:31.884181+00,AVG_BANKS,benchmark,3.6740,3.5190,-0.1550,018160d9a932fdea5907596c1cf7f630e290d13248d8ccd130301eda93f96f11
799,2026-09-09 17:45:31.983772+00,TKAMBIO,casa_digital,3.3460,3.3700,0.0240,f99aff3f1796715017c3338b4907cf4e9d1ddc58e995c6fc5e543fcb3780ef40
800,2026-09-09 17:45:32.120518+00,KAMBISTA,casa_digital,3.3450,3.3710,0.0260,934803b501f68a1e8b368c82bd07ec87ee18a1ae209b881fe3ffefc6809081e0
801,2026-09-09 18:00:33.951388+00,CAMBIX,casa_digital,3.3530,3.3640,0.0110,0fa5738898b6105b0dad31f4b6732eac206c12a5ec4db394cf4c548ec92d8ab6
802,2026-09-09 18:00:34.34777+00,REXTIE,casa_digital,3.3415,3.3715,0.0300,37ede02f8b5573c363a6db516f78370b7952dc87de68dfb52713ac2997ca2932
803,2026-09-09 18:00:34.705195+00,SUNAT,benchmark,3.3510,3.3600,0.0090,0bbee4a92401cc9ccb6ba4cbe4c2bac549a3e3bec386a8de382ee6ae5c807311
804,2026-09-09 18:00:40.395557+00,AVG_BANKS,benchmark,3.6740,3.5190,-0.1550,f5f13be5aebfb57fd6bc0962ce5d024c3e741a37be1235a694a10344ad94d92c
805,2026-09-09 18:00:41.399435+00,TKAMBIO,casa_digital,3.3460,3.3700,0.0240,47800604936518b48a9f69d69d7e398ea497bab06d6930ee7c8b7b29fb09c6c5
806,2026-09-09 18:00:41.714351+00,KAMBISTA,casa_digital,3.3440,3.3710,0.0270,6e047f8c5229919ac8e73b148e2ac13f7992920c4563ff4fb9a5a07e806e78bf
807,2026-09-09 18:15:30.5805+00,CAMBIX,casa_digital,3.3530,3.3640,0.0110,258abd347741ff45847ab15aa119dc08291fd1b1e5f8b7c7ab31a96bb215b9e9
808,2026-09-09 18:15:30.947551+00,REXTIE,casa_digital,3.3415,3.3715,0.0300,8258a548abb1535f0bb098a4f677ee76c6f21019c8513dc72bd58b68d31ceaff
809,2026-09-09 18:15:31.255397+00,SUNAT,benchmark,3.3510,3.3600,0.0090,803dd82dce9c7731c42923d78879031f429a1b8ef398fbe1b8692ff3a046cae7
810,2026-09-09 18:15:31.601891+00,AVG_BANKS,benchmark,3.6740,3.5190,-0.1550,6a428da543fe698359267ee695e4ba03a273641bf89413645d69e5ebdfec8330
811,2026-09-09 18:15:31.949277+00,TKAMBIO,casa_digital,3.3460,3.3700,0.0240,71e4ca9a0f9b6770c5a54ed50c11854e015523cd4929ee4a59c8332fe69e425f
812,2026-09-09 18:15:32.30232+00,KAMBISTA,casa_digital,3.3450,3.3710,0.0260,188fe550d936c7b9bb94e3572b40726a3f0cd07f71320b66ecf7b2e431c54526
813,2026-09-09 18:30:34.990947+00,CAMBIX,casa_digital,3.3530,3.3640,0.0110,f590eaf8c135e26cdae8158ec9353ec20a88772424aebe5d45caf305e0442967
814,2026-09-09 18:30:35.34935+00,REXTIE,casa_digital,3.3415,3.3735,0.0320,e11939373e9ef4ec8a7f7fd43d928b80f246f86d6cc6ba3f2fd307f5e7b93581
815,2026-09-09 18:30:35.66886+00,SUNAT,benchmark,3.3510,3.3600,0.0090,6e318826ae1e8907d8298df4f3ff5d7a5a502e353ea2453a84543b7b32dd7d6e
816,2026-09-09 18:30:36.141324+00,AVG_BANKS,benchmark,3.6740,3.5190,-0.1550,a89858dc7b8731dde991b96cf446f77bff5af62287348f47406aa114b95df272
817,2026-09-09 18:30:36.493461+00,TKAMBIO,casa_digital,3.3450,3.3700,0.0250,0dbcf1e1c5b045e28cb29acc6350a5db1d3a807f414df75e33fa0e97bb1befa2
818,2026-09-09 18:30:36.794369+00,KAMBISTA,casa_digital,3.3440,3.3700,0.0260,480cec43579123b7c5b18e26c63128b949a47b674952553bcead1add91181338
819,2026-09-09 18:45:21.215737+00,CAMBIX,casa_digital,3.3450,3.3700,0.0250,b52ec19308fa32d750dfe2e961c24cb309c0430763d3357e10fc5e185c81f1ce
820,2026-09-09 18:45:21.68116+00,REXTIE,casa_digital,3.3415,3.3735,0.0320,e4aa380311d8da515e9a3b316abe21b61d94f8a8483b2e0507728aa1aa1b5cdc
821,2026-09-09 18:45:21.900985+00,SUNAT,benchmark,3.3510,3.3600,0.0090,29cf93bad9bbaa7edaaeecc8c4ed6923e78447ecdc71ea25e9dfae1b298045ea
822,2026-09-09 18:45:22.189797+00,AVG_BANKS,benchmark,3.6740,3.5190,-0.1550,c2ea9d640fa9bd9af2f1fc3806cae9fe80f2cd9fc02094812ef7ec8ff52b0326
823,2026-09-09 18:45:22.383733+00,TKAMBIO,casa_digital,3.3450,3.3700,0.0250,814511c2ac5bc304841400872560570f685b8f215216d6c71c06657a7908c57f
824,2026-09-09 18:45:22.581669+00,TUCAMBISTA,casa_digital,3.3430,3.3715,0.0285,a0e1fe92ddeb1884ff7ef45f11413c6a497e79741b489d0d3d1c0b6eb0b62727
825,2026-09-09 18:45:22.774739+00,KAMBISTA,casa_digital,3.3420,3.3720,0.0300,704c49c82b5e39333b757e1053c8fc9e293762601075ec92862fbc5a40dc6689
826,2026-09-09 19:00:23.637257+00,CAMBIX,casa_digital,3.3450,3.3700,0.0250,f1399971409fb673fbfa8874601f78d10e338aaa9ce4689f6ab66b503f72b3fb
827,2026-09-09 19:00:23.947702+00,REXTIE,casa_digital,3.3415,3.3735,0.0320,986312be4eb52be075e3e7a35ce8cf9ef2cef3d6d81e718bd413a93db205834c
828,2026-09-09 19:00:24.317672+00,SUNAT,benchmark,3.3510,3.3600,0.0090,3d5ad769c993b9c3e2f07ba949f636a22e6171a9b724cdc3d23c99ea704e2a7a
829,2026-09-09 19:00:24.693269+00,AVG_BANKS,benchmark,3.6740,3.5190,-0.1550,aeffd3cecc4a58177998ce7016843f61755c6b0eadf82c5b0617cf6ed179be74
830,2026-09-09 19:00:24.899557+00,TKAMBIO,casa_digital,3.3450,3.3700,0.0250,8de7fc9be7abc39cc00cd567252c45d686673a638c726aaf6c666b140f73ff56
831,2026-09-09 19:00:25.215655+00,TUCAMBISTA,casa_digital,3.3430,3.3715,0.0285,9c68a69c7a8621d0153553f7712babd2fa75e1866cf18aee766c4385e45d2562
832,2026-09-09 19:00:25.944462+00,KAMBISTA,casa_digital,3.3420,3.3720,0.0300,eebe250b4541d326a49c30e887cd8e798a00ec5a1cba4c54f69d6f145f6c5cc7
833,2026-09-09 19:15:22.807579+00,CAMBIX,casa_digital,3.3450,3.3700,0.0250,303d099dc77e64afd425bb80f2f121e86cde34606c1720cb93b1f41f328050bb
834,2026-09-09 19:15:23.308634+00,REXTIE,casa_digital,3.3400,3.3700,0.0300,eb9ced413b43a04fc48c9447fe936ae64b0d0bdcfb8de70566ef1241db1fe533
835,2026-09-09 19:15:23.591673+00,SUNAT,benchmark,3.3510,3.3600,0.0090,488ca18d3573b261c7f1ebacd166368c1d943ccf5f8ed64d1b19fd84e92cd499
836,2026-09-09 19:15:23.965339+00,AVG_BANKS,benchmark,3.6740,3.5190,-0.1550,e99b9b51e85f4a1d131cdd14bc99dc524aa03ce6a6a35e3b762c751a453db98d
837,2026-09-09 19:15:24.137311+00,TKAMBIO,casa_digital,3.3430,3.3700,0.0270,f9553a298d5732d36632bd403da72ef5698b974e51202024ac394ada556f57a3
838,2026-09-09 19:15:24.563731+00,TUCAMBISTA,casa_digital,3.3430,3.3715,0.0285,f2ea356fdca61c4bce137545041743c9ff88d89f46703b70a4d128cf6d438a60
839,2026-09-09 19:15:24.752405+00,KAMBISTA,casa_digital,3.3430,3.3730,0.0300,890339150c7a04082b5a0f285e4313641239708de44164be4262373181e16c22
840,2026-09-09 19:30:22.254901+00,CAMBIX,casa_digital,3.3450,3.3700,0.0250,d05ebe63c44f9a01eb962030a41ee9fa7ca1ae7549d537358b80da8ece537b8d
841,2026-09-09 19:30:22.786228+00,REXTIE,casa_digital,3.3400,3.3700,0.0300,527f906d5744cba02fa37668aa0a440d738cdea0518c31e99d063c9f1c9ef5b9
842,2026-09-09 19:30:23.087292+00,SUNAT,benchmark,3.3510,3.3600,0.0090,a1a69a9464588b7105722494b0ea81c137ea03833be11ce4947815200e5f61aa
843,2026-09-09 19:30:23.425204+00,AVG_BANKS,benchmark,3.6740,3.5190,-0.1550,9e3e7d26f4281e841d5ecc57e408751cebd205b0518b42c8397e41c111a15e40
844,2026-09-09 19:30:23.677528+00,TKAMBIO,casa_digital,3.3430,3.3700,0.0270,b4f0a0a5a29e0144ad33d54b455cf7c7967d2a6ef48a1570692afe76cf24b383
845,2026-09-09 19:30:23.974987+00,TUCAMBISTA,casa_digital,3.3430,3.3715,0.0285,a879b289704dad14c67c5fc0e8a949f4f88804674c33e1a530c165f813e853f6
846,2026-09-09 19:30:24.208432+00,KAMBISTA,casa_digital,3.3430,3.3730,0.0300,9c6d6bf98d2b45b6ab3efaec3b7822899ca0aa7939f795991bb685e9fa893d52
847,2026-09-09 19:45:22.459185+00,CAMBIX,casa_digital,3.3450,3.3700,0.0250,0472db62697c761b497c26ce8f07f225a399be8812e0c80e7c2783f5d51da992
848,2026-09-09 19:45:22.666463+00,REXTIE,casa_digital,3.3400,3.3700,0.0300,53b7252f00ff2a58e3f6b04fdc0750d8fa1898d36e83cabec2dc9e2ddfa0487b
849,2026-09-09 19:45:22.823958+00,SUNAT,benchmark,3.3510,3.3600,0.0090,da82baa8f584f502229a4f9304b385e797e4eed833a16b742124f9b33a563237
850,2026-09-09 19:45:22.981132+00,AVG_BANKS,benchmark,3.6740,3.5190,-0.1550,769ecba8f848d7276c0f3e94beb961c1f4a2f56eb8454f13e27de5b3cda7fc4c
851,2026-09-09 19:45:23.155267+00,TKAMBIO,casa_digital,3.3430,3.3700,0.0270,6fe52434bf880f515698e18dd04723f135286291dd0faaf7fd5330c80041af41
852,2026-09-09 19:45:23.292062+00,TUCAMBISTA,casa_digital,3.3440,3.3700,0.0260,91c4854a234b285d7fabb1e2779f5ff2477716b315e319cbace13ede045834ab
853,2026-09-09 19:45:23.398136+00,KAMBISTA,casa_digital,3.3430,3.3730,0.0300,a58e5eef16f975192dd7578c87d0b06767b3c96dab62d55df229d23f39aa64bd
854,2026-09-09 19:52:43.765975+00,CAMBIX,casa_digital,3.3450,3.3700,0.0250,c5b4448926159fb869bcb7acc2af966051eb4519eb408063bcba36750e7da7c7
855,2026-09-09 19:52:44.146699+00,REXTIE,casa_digital,3.3400,3.3700,0.0300,95647adfc758a08605aede77b28c3731dc0636b89c83cac1c560425dda7c31b4
856,2026-09-09 19:52:44.310419+00,SUNAT,benchmark,3.3510,3.3600,0.0090,599c6c90919d1e655e4d671ba4a88d8527d56f79b76700def1a88980b7eea395
857,2026-09-09 19:52:44.473141+00,AVG_BANKS,benchmark,3.6740,3.5190,-0.1550,fd10b9aa75a890a99fb1299f9b8a6643cbb7ee1d5d0464e26a9c3fd4fcf9c072
858,2026-09-09 19:52:44.635724+00,TKAMBIO,casa_digital,3.3430,3.3700,0.0270,295a183fab81d93fa7c57fea435c375c181c3b2b6e77152f371eb1518438cf4d
859,2026-09-09 19:52:44.790805+00,TUCAMBISTA,casa_digital,3.3440,3.3700,0.0260,a8988473b5565b9081c766187aedcfc317d15254cd669d76273600512271ca82
860,2026-09-09 19:52:44.993804+00,KAMBISTA,casa_digital,3.3430,3.3730,0.0300,543c438b7d2044833d89f445c29cb7e8c1f90f1b898a6b7e45311ac9d5b9d137
861,2026-09-09 20:00:25.663484+00,CAMBIX,casa_digital,3.3450,3.3700,0.0250,86176519c6dc26e58edbf2e8e93e2cfe980c2fffb8534b9bfcd7f2f41bda1e63
862,2026-09-09 20:00:25.924853+00,REXTIE,casa_digital,3.3400,3.3700,0.0300,3536815a7e68aba1738fee61c035b57e5c25dfbc16c4e11a58f2530a9bf07f02
863,2026-09-09 20:00:26.297837+00,SUNAT,benchmark,3.3510,3.3600,0.0090,fc86ad38300e063cf1d128ca437e68ffd58c51110f31c2a58dda856e6c8f72cd
864,2026-09-09 20:00:26.56134+00,AVG_BANKS,benchmark,3.6740,3.5190,-0.1550,1404eff5d1f7da9160932cbc21f329c2d63ec36006f99553e8d34cae0f2eaf79
865,2026-09-09 20:00:26.814325+00,TKAMBIO,casa_digital,3.3430,3.3700,0.0270,b4f1ff058b02738fc650324f15c056a133f1c9d68b83a3c1067436741045468c
866,2026-09-09 20:00:27.071375+00,TUCAMBISTA,casa_digital,3.3440,3.3700,0.0260,02bc28218fd7607003a471bdeae742637bc191a129a30883872bd373f7faac95
867,2026-09-09 20:00:27.235608+00,KAMBISTA,casa_digital,3.3430,3.3730,0.0300,def31807bfd5cd15a05ec76956e2da8e8b60a6cb22bfadd94cedc70463dae187
868,2026-09-09 20:15:19.089674+00,CAMBIX,casa_digital,3.3450,3.3700,0.0250,0f7f17a683c0bffe1011ae0a3c8df8f5abe1ac10653edd86338d660881af6bce
869,2026-09-09 20:15:19.446021+00,REXTIE,casa_digital,3.3400,3.3700,0.0300,c7c54c30bc559a77b69b10e0b6ca80020ade1f43a0c0de26ee17d4280c79f14c
870,2026-09-09 20:15:19.82465+00,SUNAT,benchmark,3.3510,3.3600,0.0090,ace27b74a07d4f2c6a45b84a4094729f3ee65dbb304f07fba66277bf7f013fde
871,2026-09-09 20:15:20.183473+00,AVG_BANKS,benchmark,3.6740,3.5190,-0.1550,29f0f26f3a7d92a301d3ff0a1c8290dd8d35d953510c0ca163d98442fd35f4b1
872,2026-09-09 20:15:20.47489+00,TKAMBIO,casa_digital,3.3420,3.3680,0.0260,2ddadb076df48d45ca2143e1aedde5c440d754b77d49fbc3e1b89a2a31c94443
873,2026-09-09 20:15:20.923318+00,TUCAMBISTA,casa_digital,3.3440,3.3700,0.0260,51ae49c9096c61ba66dd0a25cc44f6ccba4895f9d1f306dce0097afbfcc607ca
874,2026-09-09 20:15:21.289793+00,KAMBISTA,casa_digital,3.3420,3.3730,0.0310,b9f46f93ef7814166a744037f5a3f8ece35581b30c8a504b86a8d22a512b27ef
875,2026-09-09 20:30:23.417437+00,CAMBIX,casa_digital,3.3450,3.3700,0.0250,2b86c091b769e15518c58a7046cf99ff18f4310e3a3b75ed063e2285eaabe304
876,2026-09-09 20:30:24.044601+00,REXTIE,casa_digital,3.3400,3.3700,0.0300,c205d975ac332f1b71eab59b3f3f2ed763c272648063d1db2dc7cf1ac026e70c
877,2026-09-09 20:30:24.447416+00,SUNAT,benchmark,3.3510,3.3600,0.0090,ce223f84a7450a158a2165de3e02acabee3e4a369f21b7500d674f9c828a1543
878,2026-09-09 20:30:25.804593+00,AVG_BANKS,benchmark,3.6740,3.5190,-0.1550,55aaf7ece532e113626de086c78c99d175ed6d6e13b90019fdaf54e250520d18
879,2026-09-09 20:30:26.603326+00,TKAMBIO,casa_digital,3.3410,3.3680,0.0270,15fcbb00ee5fb02c8fe265781e1e4318baf3cad62a0df19b3b15a42f557db391
880,2026-09-09 20:30:26.938537+00,TUCAMBISTA,casa_digital,3.3440,3.3700,0.0260,cb53af44087e3ce40d60328cb4082aa9b52d895522c14179b87194eb2ef85a7e
881,2026-09-09 20:30:27.282039+00,KAMBISTA,casa_digital,3.3420,3.3730,0.0310,2cbe48ba5d3f1f93653797081e30d9e886c4f2a8df320c61725e1468deee2d6c
882,2026-09-09 20:45:18.022005+00,CAMBIX,casa_digital,3.3450,3.3700,0.0250,123dbc25f1d13c616fba8c48ad6bd9c8bdc4371fd8cddb26b8d8e0fbeaaebcec
883,2026-09-09 20:45:18.458679+00,REXTIE,casa_digital,3.3400,3.3700,0.0300,5c171eb7466d8874c1b7cf2847b685c0f0bb670136af03a4ac535bb9ac7e433f
884,2026-09-09 20:45:18.6894+00,SUNAT,benchmark,3.3510,3.3600,0.0090,825c10304fcc5b3c74b3bc8cf2b43742173f870284344994b079a6afd3e492c4
885,2026-09-09 20:45:18.969496+00,AVG_BANKS,benchmark,3.6740,3.5190,-0.1550,f4bd9c27965c22a4e29a5fad576fdd71b722c917e9fa42fd9c4b7f6b1284388f
886,2026-09-09 20:45:19.224624+00,TKAMBIO,casa_digital,3.3410,3.3680,0.0270,0b96c8848e7fce4e9a544be01a42109236a750c2c1d245d308543125ef677baa
887,2026-09-09 20:45:19.476272+00,TUCAMBISTA,casa_digital,3.3440,3.3700,0.0260,48afab6e47fcd8dde608cc64b877842ff966759bf516a49fb0a927ae00aa2fb6
888,2026-09-09 20:45:19.732754+00,KAMBISTA,casa_digital,3.3410,3.3710,0.0300,10fa1aa34317ff9e38b6caf9d9215b4017c6ea66b10571fc6ce68419cec9736c
889,2026-09-09 21:00:22.133423+00,CAMBIX,casa_digital,3.3450,3.3700,0.0250,c713717edf4f0ba8e0796c64d94d3fd19d385bae66443ac683676d0f49ee13cf
890,2026-09-09 21:00:22.943201+00,REXTIE,casa_digital,3.3400,3.3700,0.0300,fe357f5a768b3c1a440f996c46124a12c8fa878e8a684d2f526fd79dec01df70
891,2026-09-09 21:00:23.344262+00,SUNAT,benchmark,3.3510,3.3600,0.0090,a28b655d30b422759c566bd02eff93cbcc6e5c6bb0929229124804d8aec70424
892,2026-09-09 21:00:23.639015+00,AVG_BANKS,benchmark,3.6740,3.5190,-0.1550,341c315f20cce912775e8f34da386915ff99444d4fca649b08a95014bedff851
893,2026-09-09 21:00:24.006917+00,TKAMBIO,casa_digital,3.3410,3.3680,0.0270,b9a38043cb30d4fbc6b72db087483225383b36160e6d9ee716bf235fce8ed206
894,2026-09-09 21:00:24.446643+00,TUCAMBISTA,casa_digital,3.3430,3.3700,0.0270,5167b25238af9a7fda221bb18e00ad2104b04990605d62382708e16b366f7589
895,2026-09-09 21:00:26.777157+00,KAMBISTA,casa_digital,3.3400,3.3700,0.0300,93edc17590220138a45ecb46bef67b91a452d3c5a06224af9572e2a92e9845cb
896,2026-09-09 21:15:19.385358+00,CAMBIX,casa_digital,3.3450,3.3700,0.0250,d4e3b97f8184500aa895aadff20bca0d37c3bd9c3a3df405058455e7a412dadf
897,2026-09-09 21:15:19.722307+00,REXTIE,casa_digital,3.3400,3.3700,0.0300,7d21c9b5fee41fd0703ae4da28b114aae768ff80e71d06587fd3fa72961ba163
898,2026-09-09 21:15:19.887888+00,SUNAT,benchmark,3.3510,3.3600,0.0090,d28b00685eba3602f8d80949dd14c7328699d4ec8d4d1d750976c5fbf59aff48
899,2026-09-09 21:15:20.080375+00,AVG_BANKS,benchmark,3.6740,3.5150,-0.1590,882b0184b26a20dbc2bcb9cb0f4206d3934c572c517aad30bf1a55bf1717d206
900,2026-09-09 21:15:20.283161+00,TKAMBIO,casa_digital,3.3420,3.3680,0.0260,1d4748c007eb175ef39df81f1b899dbacdd6139934815d8ee7e3c02b2f8ad19e
901,2026-09-09 21:15:20.564098+00,TUCAMBISTA,casa_digital,3.3440,3.3700,0.0260,709c313841e20aa6a6b2da994dcb6ab75b3367a400f64991ba462c101ee915cb
902,2026-09-09 21:15:20.895309+00,KAMBISTA,casa_digital,3.3400,3.3700,0.0300,227912c864be35eb2bf626c07551e1657673cc77986141843ae3044f8ddd6956
903,2026-09-09 21:30:21.503066+00,CAMBIX,casa_digital,3.3400,3.3800,0.0400,c0ab1d75407c5c8336c1ca5f89f6a11a96326a84230961774db4669a308ec2d1
904,2026-09-09 21:30:21.877507+00,REXTIE,casa_digital,3.3400,3.3700,0.0300,40599add5a723989f344910f2c5875ed1af6a8e28ad19205483c6586c879acec
905,2026-09-09 21:30:22.116692+00,SUNAT,benchmark,3.3510,3.3600,0.0090,3cf4f8123cb984f9bbdf196c3a1df73552e91ac05e6128313af922d46ee43d81
906,2026-09-09 21:30:22.350403+00,AVG_BANKS,benchmark,3.6740,3.5150,-0.1590,9023260e106cb172b567f2f824a6208969df4a9fbb967b2219040ad41dc28b83
907,2026-09-09 21:30:22.712134+00,TKAMBIO,casa_digital,3.3420,3.3680,0.0260,2d6ceefad1050a438dfe5a089fc20b67a05d60fb123febeca2a529855c6dbf67
908,2026-09-09 21:30:23.186048+00,TUCAMBISTA,casa_digital,3.3435,3.3700,0.0265,3fa55782ed2fffbe211d5c1e8fe0ea0652a177f3ef85b39665d4d3835db3adfb
909,2026-09-09 21:30:23.520433+00,KAMBISTA,casa_digital,3.3400,3.3720,0.0320,f7c36450033c9a1228e549fe90b464bb111b7bbd4ac53e787055605c1a85997e
910,2026-09-09 21:45:19.226252+00,CAMBIX,casa_digital,3.3400,3.3800,0.0400,4b19bc6e201b79c0d8a78d5084c25d54f4a3dd9854bec0ef464959da0a215200
911,2026-09-09 21:45:19.394526+00,REXTIE,casa_digital,3.3400,3.3700,0.0300,852e47c72680481675f0814e8e394415ef6e5c2282c89e76e6c7d0385d081eb2
912,2026-09-09 21:45:19.526473+00,SUNAT,benchmark,3.3510,3.3600,0.0090,832f9a02401e56d7e103370b626a872eb5c214b10466c61cbd74dca276ddaa9b
913,2026-09-09 21:45:19.660334+00,AVG_BANKS,benchmark,3.6740,3.5150,-0.1590,72e52b4ddb1afc7c211dc91410083f2df2e0c75ba103d31c58122e3dc904a3b1
914,2026-09-09 21:45:19.83108+00,TKAMBIO,casa_digital,3.3420,3.3680,0.0260,a7e4965f8c87c29a7e1047a102070f78e16b82ed51a00caf57412400c4d7c789
915,2026-09-09 21:45:19.965871+00,TUCAMBISTA,casa_digital,3.3435,3.3700,0.0265,aaac9c760a52f2ee8a4e20c53c25952dadb547ee48c7ef112830d960ff9080cd
916,2026-09-09 21:45:20.155289+00,KAMBISTA,casa_digital,3.3400,3.3720,0.0320,453666cf42d1432ebdb4095cbd46fe93d7ae1d2045e2ea7b6d1108af0e6ea304
917,2026-09-09 22:00:23.694863+00,CAMBIX,casa_digital,3.3400,3.3800,0.0400,3cb49405f90d8c2634656995469a06088c65b309ce20800be972650ca769044a
918,2026-09-09 22:00:24.054031+00,REXTIE,casa_digital,3.3400,3.3700,0.0300,de7c0fb6f2b2b02b509126be08e04046eef25e903929d66c742281e2eda4e8ae
919,2026-09-09 22:00:24.629272+00,SUNAT,benchmark,3.3510,3.3600,0.0090,8ab6c284fa7b0338db92c91066b9c47068bb588b14d0270590ffe8f529f0b6ad
920,2026-09-09 22:00:25.061643+00,AVG_BANKS,benchmark,3.6740,3.5150,-0.1590,379fbf405289ad9cf8e2a85c4c80520fb6115288bd20cfb3b590b9475b519185
921,2026-09-09 22:00:25.4738+00,TKAMBIO,casa_digital,3.3420,3.3680,0.0260,fe789a945e942a9cda14bced7df47510f963e9d8a3524d9925d20e0b3e8cadfa
922,2026-09-09 22:00:27.272462+00,TUCAMBISTA,casa_digital,3.3435,3.3700,0.0265,17a7852d61a8678399334c8823215f0e348b5e40f78be4682b7a914ca5a20b55
923,2026-09-09 22:00:28.003924+00,KAMBISTA,casa_digital,3.3400,3.3700,0.0300,28fc9c0b2aa5d8beb512e1b39ebdc98772f1967ed94918bd68ee9c71572de075
924,2026-09-09 22:01:45.819007+00,CAMBIX,casa_digital,3.3400,3.3800,0.0400,73c7163ec89c2407e216cc10fea81c342a5ec142405cf4f91c8b56f1dc1d7752
925,2026-09-09 22:01:45.940645+00,REXTIE,casa_digital,3.3385,3.3715,0.0330,ffc39e867e0b33f7d5e39a879362aed3a74767f994f0f4760891ef80a8c4f835
926,2026-09-09 22:01:46.153893+00,SUNAT,benchmark,3.3510,3.3600,0.0090,3cc2f15c7b7d5c35c737d87a0dd52e9ec701e46a9253e04ba425a98c187657ad
927,2026-09-09 22:01:46.315856+00,AVG_BANKS,benchmark,3.6740,3.5150,-0.1590,85a85ecf24435756948770387cd1132a0b9a020b92255903959ff285e29cc6c1
928,2026-09-09 22:01:46.421713+00,TKAMBIO,casa_digital,3.3420,3.3680,0.0260,4311559fdd56a6ea2ccfa1e4eb9b90ae5538db6b0a5ef7ad3a46df11f7efa70d
929,2026-09-09 22:01:46.608354+00,TUCAMBISTA,casa_digital,3.3435,3.3700,0.0265,1b81b46f3924f08e0ece9013b9efabd2df86f490008224d0b4fc4a5255f05f6b
930,2026-09-09 22:01:46.724122+00,KAMBISTA,casa_digital,3.3400,3.3700,0.0300,13edcc29f18ed9c6971a0493043a374d60e2af2098cf1c56a0f3603b52820b57
931,2026-09-09 22:15:22.922711+00,CAMBIX,casa_digital,3.3400,3.3800,0.0400,145655c17985fc3e87de7b53c8f203d3cf3dd18fcabb335611be4327120b0217
932,2026-09-09 22:15:23.236113+00,REXTIE,casa_digital,3.3385,3.3715,0.0330,2086caaa0da943239f55c11e6e36401581bb2ac8269880021f59a4d81161f277
933,2026-09-09 22:15:23.39961+00,SUNAT,benchmark,3.3510,3.3600,0.0090,6ceaba9be749360715417520b6cdf0fbff304375b07aa4ce4c4258a9d5bdcaa4
934,2026-09-09 22:15:23.536056+00,AVG_BANKS,benchmark,3.6740,3.5150,-0.1590,cf90734f3c72307be75701bf70fe414f1dff2325fa8a4e2f72c2e4d2e5bd45de
935,2026-09-09 22:15:23.634488+00,TKAMBIO,casa_digital,3.3420,3.3680,0.0260,6e245cfc18a5ddebfb20fecedeb2f2a0119672598f7dd31cd43d2848c20123aa
936,2026-09-09 22:15:23.784081+00,TUCAMBISTA,casa_digital,3.3430,3.3700,0.0270,6f0a9fc0529742e960789a27bf560bacf03c33769e3ef3cd7e7155e3380cc59f
937,2026-09-09 22:15:23.906969+00,KAMBISTA,casa_digital,3.3400,3.3700,0.0300,fd43e3c0ac43cd44fc15979b5f2328c53a1c90194a330e01be51af0e78c82e17
938,2026-09-09 22:30:24.687017+00,CAMBIX,casa_digital,3.3400,3.3800,0.0400,09c4c8afa44a314098d1e6d99268532b48f5998b55026faadd2465b736489b10
939,2026-09-09 22:30:24.904183+00,REXTIE,casa_digital,3.3385,3.3715,0.0330,574c52e28983cbe9417b51c5febf0dfcbc55c8c00ddd71ae4bd6fa172cb34800
940,2026-09-09 22:30:25.070517+00,SUNAT,benchmark,3.3510,3.3600,0.0090,8932752d458520b4433353728e3ba75e2bf8cf06428d5dc20c2a740ac82b61d9
941,2026-09-09 22:30:25.237968+00,AVG_BANKS,benchmark,3.6740,3.5150,-0.1590,9fc156d03db5bad97ecd5400f331666d892ebea1724d9cbe180b9ca32246750d
942,2026-09-09 22:30:25.390686+00,TKAMBIO,casa_digital,3.3420,3.3680,0.0260,d97df155722b7ae21b6f5c99aafe36cc8f8aff25e4a30b8b839573e22a9fd7c3
943,2026-09-09 22:30:25.56799+00,TUCAMBISTA,casa_digital,3.3430,3.3700,0.0270,9aae2573b5b856c6164d81ab7771d4db4bd747e3b6b634a84a644bf3fb205ae6
944,2026-09-09 22:30:25.681645+00,KAMBISTA,casa_digital,3.3400,3.3700,0.0300,ac209ba5e30f31e087b2c67baafc75a89fb7b4e98d805db1034328ad0b9ce970
945,2026-09-09 22:45:19.281086+00,CAMBIX,casa_digital,3.3400,3.3800,0.0400,c56552f1ea2394442f65c65bc21abf20486748a701f38bfe33dcf99399ca7558
946,2026-09-09 22:45:19.689112+00,REXTIE,casa_digital,3.3385,3.3715,0.0330,ef6eb9245d02e78bcde71ec839b9a6fb6a840dd70f3bdb9fc3624257913c825a
947,2026-09-09 22:45:20.054666+00,SUNAT,benchmark,3.3510,3.3600,0.0090,3aa1d662b3014b42bfa7feaf299be6353d6561c412167af92161d5d226d43145
948,2026-09-09 22:45:20.385476+00,AVG_BANKS,benchmark,3.6740,3.5150,-0.1590,6a0a5c9b58a204affd65d8ad2bfa9a3ee57da105f511f38bd2f600f013f88bc3
949,2026-09-09 22:45:20.961156+00,TKAMBIO,casa_digital,3.3420,3.3680,0.0260,77cb99fd6fb802d86ed5ab42ae2c795c70d5c208b4a175c2a6e2c273d7c7bc30
950,2026-09-09 22:45:21.270182+00,TUCAMBISTA,casa_digital,3.3440,3.3700,0.0260,d5b16035448888c71744194c2d95ada3d914120c720da1274f1fa3500a01eee2
951,2026-09-09 22:45:22.158792+00,KAMBISTA,casa_digital,3.3400,3.3700,0.0300,7b58cce07e8d34e402d67bb9678d7f7a3f86b24658ddfbd816a6f0cb2737a22b
952,2026-09-09 23:00:26.660218+00,CAMBIX,casa_digital,3.3400,3.3800,0.0400,9c232eb78793197b76a1780075aa252a883ac60663a16e13301cf6c60efd7c7f
953,2026-09-09 23:00:26.874762+00,REXTIE,casa_digital,3.3385,3.3715,0.0330,038c5b5ec9aeeebc595888cb51e1cb132303496de9c95099c7fa2fa80545084a
954,2026-09-09 23:00:27.140914+00,SUNAT,benchmark,3.3510,3.3600,0.0090,8482bad663193f7dc01bf302d6f29178e2a476ca04e73b998e47d5a1eed054fb
955,2026-09-09 23:00:27.366488+00,AVG_BANKS,benchmark,3.6740,3.5150,-0.1590,0cba0d0a7f600b3975ad37ceaa56291a9bf7870661d4ca7138a56f9592219bc0
956,2026-09-09 23:00:27.608669+00,TKAMBIO,casa_digital,3.3420,3.3680,0.0260,f06fe26c5c08402eecfdf76da7aae7a65203e11a10bc791aa814a56caa83c558
957,2026-09-09 23:00:27.821414+00,TUCAMBISTA,casa_digital,3.3440,3.3700,0.0260,62fbc24ab39f7cb81dcc308428047ac7377cab093c1ae74145adc2cb1b950ca7
958,2026-09-09 23:00:28.170764+00,KAMBISTA,casa_digital,3.3400,3.3700,0.0300,ca77909b3be155bc67a900b41ae21a7131708c25e2f50c549cd8e2df8ac8afc1
959,2026-09-09 23:15:18.749689+00,CAMBIX,casa_digital,3.3400,3.3800,0.0400,d9dfeb4512baeb9c64fe361703d3bc94a5b3e90e26b967e85760858cddb26116
960,2026-09-09 23:15:19.284596+00,REXTIE,casa_digital,3.3385,3.3715,0.0330,cfa56433e4222ffdd33219fd80c7184039399a802d45379d7c6e393961db5be5
961,2026-09-09 23:15:19.613981+00,SUNAT,benchmark,3.3510,3.3600,0.0090,c41915500e7ca8c03b4adc58351b3599668b6d396194475f80fc6e5ee8e39c6f
962,2026-09-09 23:15:19.900937+00,AVG_BANKS,benchmark,3.6740,3.5150,-0.1590,2a1cb53e2db5c921e39f99d1f33f95ac50f7a9e1c0c33af81d3ca738c0cbeca7
963,2026-09-09 23:15:20.084674+00,TKAMBIO,casa_digital,3.3420,3.3680,0.0260,8de7fd721c94cb6e884d8cae93a20097e6d4fad4ccd6ec46c1a64b5505719dbc
964,2026-09-09 23:15:20.401308+00,TUCAMBISTA,casa_digital,3.3420,3.3700,0.0280,507157c081f0c36b82e9c71dac9d432a834f11a964c848579a5e0862151a9149
965,2026-09-09 23:15:20.786634+00,KAMBISTA,casa_digital,3.3400,3.3700,0.0300,c21fde0d6c4d657f8abb4a50ef623f25d0f549ccc7a5b23663e415c9a639d828
966,2026-09-09 23:30:21.527814+00,CAMBIX,casa_digital,3.3400,3.3800,0.0400,2254efd8303fd686cfa088dcb531881b0633347de768de5c6a37d46f7a607f9b
967,2026-09-09 23:30:22.338834+00,REXTIE,casa_digital,3.3385,3.3715,0.0330,754cceefdc544524fb18cc4b18e5ce6fd9c362da61ca1c3d8d22c556c71255aa
968,2026-09-09 23:30:22.540599+00,SUNAT,benchmark,3.3510,3.3600,0.0090,6f3c9c6ef6b1348dda4222e87e1f9b45201d34c147350920a8db17b219edcac8
969,2026-09-09 23:30:22.890004+00,AVG_BANKS,benchmark,3.6740,3.5150,-0.1590,699d502725327953a623ee0970b30d465d035eb4b4a3f70a37cf7a57012392a8
970,2026-09-09 23:30:23.246662+00,TKAMBIO,casa_digital,3.3420,3.3680,0.0260,0b497d5f096bd158856f24354a6488b141f037a8d101ef7b1523803c61b76d57
971,2026-09-09 23:30:23.706764+00,TUCAMBISTA,casa_digital,3.3420,3.3700,0.0280,89b7f2e259a594245847f03c9f2a03abb581aead3c3b1b5c2a621ca1ff29c78e
972,2026-09-09 23:30:24.438421+00,KAMBISTA,casa_digital,3.3380,3.3730,0.0350,da6dc775e00b379bf8a0dceeb56e4d6f68aecdc05029f71093f3c68f0df67814
973,2026-09-09 23:45:28.935914+00,CAMBIX,casa_digital,3.3400,3.3800,0.0400,a25c46fb3ffdc09410376af9aba0102d16cabbd1de59ebbf46494f7a0286eb34
974,2026-09-09 23:45:29.368165+00,REXTIE,casa_digital,3.3385,3.3715,0.0330,0c7597a55a049459d3553116101f3f281ac774a35b8be93754bf46505af5714c
975,2026-09-09 23:45:29.745012+00,SUNAT,benchmark,3.3510,3.3600,0.0090,3dc1daa26bd5d7e6bc719fe95bcb277cab53b677db718b05a114d92b8aee07ae
976,2026-09-09 23:45:30.082143+00,AVG_BANKS,benchmark,3.6740,3.5150,-0.1590,fd759c487082fe9d90da957cb1f991fa3f4c0036dfbc07dde027aa48f58c2a6e
977,2026-09-09 23:45:30.271328+00,TKAMBIO,casa_digital,3.3420,3.3680,0.0260,7d113e1ba6e13f829add8ce33a0b169920a40c40558c89e66365cd59820a8b90
978,2026-09-09 23:45:30.582438+00,KAMBISTA,casa_digital,3.3380,3.3740,0.0360,659d3bf81f0c490e2d48621e2e1651ad9c3070637f12b43070e6a3daab918a67
979,2026-09-10 00:00:31.401427+00,CAMBIX,casa_digital,3.3400,3.3800,0.0400,eed9ccfe826beb034f66c2163c718f582caa5cb4304d9abbea111a8981bd0dce
980,2026-09-10 00:00:31.850085+00,REXTIE,casa_digital,3.3385,3.3715,0.0330,18ede5c06b5e7d7ce8d04417ddaa3ee4c538212d8fd16d8e79d85a85609f6810
981,2026-09-10 00:00:32.156477+00,SUNAT,benchmark,3.3510,3.3600,0.0090,28ea6163dcdfb42e24a703e2f2f2ef754c72d06cbee405635767328865c35cc1
982,2026-09-10 00:00:32.45713+00,AVG_BANKS,benchmark,3.6740,3.5150,-0.1590,5fffbe4e869d6a39b89cb65ce2199d216ba94efbecbf87db528abdaab27031bf
983,2026-09-10 00:00:37.212831+00,TKAMBIO,casa_digital,3.3400,3.3700,0.0300,6982fff76c02a3c3b24bb654a4945277bde1a8eaf97b02c375760c94cedf3bfa
984,2026-09-10 00:00:37.956178+00,KAMBISTA,casa_digital,3.3370,3.3750,0.0380,526e4a1c003bf3cc7d47f9d3fa415ce23d0db9dcd6e3bf9a8499b4a18f34b75a
985,2026-09-10 00:10:08.721785+00,CAMBIX,casa_digital,3.3400,3.3800,0.0400,5cf72dd057eecd961e939a69eaaf3f89c099243f4071b42511e89ccd3ee00cc5
986,2026-09-10 00:10:08.920164+00,REXTIE,casa_digital,3.3385,3.3715,0.0330,78c2aa8fa283a334b007a7e803f46f102ad2d4a5d2370a9dc266ad5f763aa87f
987,2026-09-10 00:10:09.086023+00,SUNAT,benchmark,3.3510,3.3600,0.0090,58ab8d1b4f3e0ecc700fea0b60d4d694ba5a9c087bd9fe7c51cf1904a7f0f30c
988,2026-09-10 00:10:09.250979+00,AVG_BANKS,benchmark,3.6740,3.5150,-0.1590,2ff8bfbb456fd238fe9e1a0e289e00fa0af347ea0a7596a988b4580cf088b70a
989,2026-09-10 00:10:09.424434+00,TKAMBIO,casa_digital,3.3400,3.3700,0.0300,1993fe1ba1f3822e3b40648dd255ab38b6060fe4c0e667694b64f285158bb839
990,2026-09-10 00:10:09.549153+00,KAMBISTA,casa_digital,3.3370,3.3750,0.0380,c85bb9f002790a5fb8d15f0c95387d8ac289c1e33d5f6e853c083b2b62ff01d6
991,2026-09-10 00:15:26.903311+00,CAMBIX,casa_digital,3.3400,3.3800,0.0400,b3248732cb5b5cc0a917866bac292f09f51edeb9bacb2df6d6df7aa74ecb17ab
992,2026-09-10 00:15:27.196547+00,REXTIE,casa_digital,3.3385,3.3715,0.0330,d5f0187b3be64a079fd4fca0f9bde963003c7b8d8db05a16a750f9fc93ccf81d
993,2026-09-10 00:15:27.604359+00,SUNAT,benchmark,3.3510,3.3600,0.0090,58299f63eed61eb197685a0bd8e93fac5e8ad7d2a447ed21d915aa3768690356
994,2026-09-10 00:15:27.950883+00,AVG_BANKS,benchmark,3.6740,3.5150,-0.1590,9aa67db714930171cbd9f2a46ad1e82b3dd20b04019d6ab27e2b183aa8df6781
995,2026-09-10 00:15:28.321844+00,TKAMBIO,casa_digital,3.3400,3.3700,0.0300,5af2997475838034aefbfa5edbb68882ab3000614979c48ee83b651f82494015
996,2026-09-10 00:15:28.815029+00,KAMBISTA,casa_digital,3.3370,3.3750,0.0380,48f1127e38299b91c4705911ac0c65239ec7faa68ccbf2ed378184f3ca424ede
997,2026-09-10 00:30:43.282582+00,CAMBIX,casa_digital,3.3400,3.3800,0.0400,9a75f1f2e51ca302ce5fb9e15ab69b3a3982b76dfe48d5b1bedd6897291f8cce
998,2026-09-10 00:30:43.569096+00,REXTIE,casa_digital,3.3385,3.3715,0.0330,ba2174b10a55e882d99ac38369d5addccfaccf1af245aa9b36c291f1f213a057
999,2026-09-10 00:30:43.849856+00,SUNAT,benchmark,3.3510,3.3600,0.0090,6cbf40f3737d9638c9a676281e142f142069297c9f917bca0a227a8896dc3d96
1000,2026-09-10 00:30:44.124543+00,AVG_BANKS,benchmark,3.6740,3.5150,-0.1590,f75ec537af98dfb66b4f6ffda4f85d9d19f1ed7635832d4f9aaf908075a2657a
1001,2026-09-10 00:30:44.284794+00,KAMBISTA,casa_digital,3.3370,3.3750,0.0380,15fbf8ee4e42b667a00208d281a93eadbdfb82fe971f96b09ee3ef0fb3c5f76d
1002,2026-09-10 00:45:28.267804+00,CAMBIX,casa_digital,3.3400,3.3800,0.0400,5330f2d9e1b092f179f7ef3bb23c7bdcc0d71115b354c8d3aa2ac384de1de84b
1003,2026-09-10 00:45:28.740297+00,REXTIE,casa_digital,3.3385,3.3715,0.0330,82486e6fbe88ca09f8eea05b8dae2acc843a0606c411bacd81ebac2dded80a05
1004,2026-09-10 00:45:30.225059+00,SUNAT,benchmark,3.3510,3.3600,0.0090,58a8093439c09436e7a1a7695dd6d10c533f8022e62e9daeda2356d0df095227
1005,2026-09-10 00:45:30.884789+00,AVG_BANKS,benchmark,3.6740,3.5150,-0.1590,2ed85d9c440091f87f51e0404de51ad642520f0107b036c9469d68f8b00c561c
1006,2026-09-10 00:45:31.648378+00,TKAMBIO,casa_digital,3.3400,3.3700,0.0300,8b518173ca035aeb737ec338d4b4378c120bd958b006cc03ea1682b1f0ffb780
1007,2026-09-10 00:45:31.989685+00,KAMBISTA,casa_digital,3.3370,3.3750,0.0380,092ad65cd5a00b89355d8503b8f008a551c9ad74d2b18449593a1acd7fd778c6
1008,2026-09-10 01:01:15.114507+00,CAMBIX,casa_digital,3.3400,3.3800,0.0400,804041a433a1230d8ae24e4262c0229ff4a2048130893d13fffa2b6c34d6a4a7
1009,2026-09-10 01:01:17.52709+00,REXTIE,casa_digital,3.3385,3.3715,0.0330,fe727142384433516353da847ab5c4344a7e84a1ec5830595209a7d516583fe6
1010,2026-09-10 01:01:18.242431+00,SUNAT,benchmark,3.3510,3.3600,0.0090,e2f2affcbade1434c22f14647be0ecd346b21b7e1279846ffc540a975139175b
1011,2026-09-10 01:01:18.524959+00,AVG_BANKS,benchmark,3.6740,3.5150,-0.1590,fc3f91c2d95fe559067cb7e39e5a58084c345b6704691ccd6526f5ed74ce5fe4
1012,2026-09-10 01:01:18.852291+00,TKAMBIO,casa_digital,3.3400,3.3700,0.0300,20b3a7438aeaeb056fdcf39f06df3392e0b01d15fd6ceadb46c1327ae7012b46
1013,2026-09-10 01:01:19.219843+00,KAMBISTA,casa_digital,3.3370,3.3750,0.0380,0750c088f740cd1ee3886b6fd50fb4e340142ef7fbd0a7de0a02cd7c0b34363a
1014,2026-09-10 01:15:33.98645+00,CAMBIX,casa_digital,3.3400,3.3800,0.0400,6803b9130b43fe2a982c0bac7c5c7a3a5bfaa34b09b4e57a76675a5d5d4101a1
1015,2026-09-10 01:15:34.174085+00,REXTIE,casa_digital,3.3385,3.3715,0.0330,9a9e3fb6350c86be6dac5d1f884941f53e3d7fc286850eb725994e0bfc153231
1016,2026-09-10 01:15:34.393432+00,SUNAT,benchmark,3.3510,3.3600,0.0090,1d982eddf4ac1fcde0017db262201c196ec09f874d79ca0f10bc98e49b06db80
1017,2026-09-10 01:15:34.534316+00,AVG_BANKS,benchmark,3.6740,3.5150,-0.1590,e3c55715576b4e13d98502297036758e111a68fc3ff35d8b90196416cdbec04a
1018,2026-09-10 01:15:34.657622+00,TKAMBIO,casa_digital,3.3400,3.3700,0.0300,7a4a6cb41c4039f7b488630acc47c7d60029f38abb88f205656b7526524a04a0
1019,2026-09-10 01:15:34.905357+00,KAMBISTA,casa_digital,3.3370,3.3750,0.0380,8cfd821249d8f007417a1a271d1d70d805fd1835ff0d61be78bc8ee40b3bad83
1020,2026-09-10 01:30:33.061198+00,CAMBIX,casa_digital,3.3400,3.3800,0.0400,5cf921bfb13b246fcff214f5e61ad420a514ab02442e66fa767680ead1c065f7
1021,2026-09-10 01:30:33.546541+00,REXTIE,casa_digital,3.3385,3.3715,0.0330,e96dcfb60c8c867ce4a64dcff3b93a7e98f7d14379934a38a07b83fb9b82b4fc
1022,2026-09-10 01:30:33.914598+00,SUNAT,benchmark,3.3510,3.3600,0.0090,9b4acec4ea1f69d98da748b9cbcace6410b0843f60ff395c623297dd5e1fc82b
1023,2026-09-10 01:30:34.235269+00,AVG_BANKS,benchmark,3.6740,3.5150,-0.1590,0923b2818dbf1da2bd5d58b0862f29e9527db34664bee0237c26cf5de9ab1109
1024,2026-09-10 01:30:34.514754+00,TKAMBIO,casa_digital,3.3400,3.3700,0.0300,44076293e27d4a9113126984c3a567e59c770c8f2de0e8bf5976abd201e7b9da
1025,2026-09-10 01:30:35.115534+00,KAMBISTA,casa_digital,3.3370,3.3750,0.0380,55cec7410520006e18d58d76fd4eee88787692e2665ecdf59467b5fd7ce1c7c9
1026,2026-09-10 01:45:27.363625+00,CAMBIX,casa_digital,3.3400,3.3800,0.0400,a60bbc7e7a9e2dd1fa046d58c1377a2fd595d434e8303f3801df0fcba41c60de
1027,2026-09-10 01:45:27.646411+00,REXTIE,casa_digital,3.3385,3.3715,0.0330,2599f6d4f657c167a78cc6bcb06bc4c4ab70401f7d243568c8eff9419e07c761
1028,2026-09-10 01:45:27.823858+00,SUNAT,benchmark,3.3510,3.3600,0.0090,4d99bd29a74ae2fdeda395c9de20cc0aa15da54a3970f4a2589a8fe51ab2710a
1029,2026-09-10 01:45:27.964175+00,AVG_BANKS,benchmark,3.6740,3.5150,-0.1590,3b760e06356808fe351473fbd08851e2a1d5cbfd379755babd87caaa4225634a
1030,2026-09-10 01:45:28.4314+00,TKAMBIO,casa_digital,3.3400,3.3700,0.0300,a81e6f96756bdf6b49cc61b96bdba098e640c059f7e0ceceafe369a2f0e55c2e
1031,2026-09-10 01:45:28.722327+00,KAMBISTA,casa_digital,3.3370,3.3750,0.0380,f06523189f27ea9f69172f1db0ebe22f34f389477156d2b098a68ff827d48a9a
1032,2026-09-10 02:00:35.951417+00,CAMBIX,casa_digital,3.3400,3.3800,0.0400,93762c514de9623f68163966abc3789234f9b3a4a50757c20565d1443627e0a5
1033,2026-09-10 02:00:36.354866+00,REXTIE,casa_digital,3.3385,3.3715,0.0330,f0ec8e109e990e53b92aeefe3a334d4b0174c4714bd6cdf1efa259f495012f7a
1034,2026-09-10 02:00:36.617897+00,SUNAT,benchmark,3.3510,3.3600,0.0090,775a2f583bdf8e50ce6a5d68cdc68b94a2619b37c1a0b8ff6aceba27e81d96e7
1035,2026-09-10 02:00:36.781119+00,AVG_BANKS,benchmark,3.6740,3.5150,-0.1590,e9cb371b7ca4a36e463e9f2cbcecd6d47e992f6a6c0f58bdd72301d4827ba5d6
1036,2026-09-10 02:00:36.940502+00,TKAMBIO,casa_digital,3.3400,3.3700,0.0300,634de732a85971c381ef5c27a075c9b3fdf6f1868053c462b42dd1c1beee8d99
1037,2026-09-10 02:00:37.118389+00,KAMBISTA,casa_digital,3.3370,3.3750,0.0380,28ed881ddf5b00673292d7e07e2037b86957db4a3d9e6dd2d35671ab83668828
1038,2026-09-10 02:15:28.540538+00,CAMBIX,casa_digital,3.3400,3.3800,0.0400,30ed5c1efc2e4a45b991a0ec36fa3698b5749fab7cda8cf2c5ba3625b436e082
1039,2026-09-10 02:15:29.134159+00,REXTIE,casa_digital,3.3385,3.3715,0.0330,8ec9b4bb36adacc32b3fcd6cc03e1339b67271e39ba1f35224969dc976e5de76
1040,2026-09-10 02:15:29.430978+00,SUNAT,benchmark,3.3510,3.3600,0.0090,9177845362f74058ab52d7a253dcbc21bff7583d7894bc4451c18426a5b25892
1041,2026-09-10 02:15:29.757494+00,AVG_BANKS,benchmark,3.6740,3.5150,-0.1590,811a86ac1b48db43ecf1a7b8c56746d495a7de93b3278373db66f45ebec0362c
1042,2026-09-10 02:15:30.133537+00,TKAMBIO,casa_digital,3.3400,3.3700,0.0300,abe70fa8ebb22bf27655f166dd4e43341d97d855530642670146478d3bf72ec4
1043,2026-09-10 02:15:30.51173+00,KAMBISTA,casa_digital,3.3370,3.3750,0.0380,386c7426eca767e65288e7e5bb96db97b606760b6838f30132c8ba34bb185128
1044,2026-09-10 02:30:31.174923+00,CAMBIX,casa_digital,3.3400,3.3800,0.0400,b3ab5bca73fe9be4fd76bd8c19db816bb567a1e0c1eb454df227cc978924ed69
1045,2026-09-10 02:30:32.15577+00,REXTIE,casa_digital,3.3385,3.3715,0.0330,36235fcdb588fef4c2b72a9a4d949b12e50dae6645ca87a9db659d151a563558
1046,2026-09-10 02:30:32.565321+00,SUNAT,benchmark,3.3510,3.3600,0.0090,9cd95032cf4157852fb0b139944c408d5fc5cfa309081161098b847d5fd948f3
1047,2026-09-10 02:30:32.86976+00,AVG_BANKS,benchmark,3.6740,3.5150,-0.1590,e8d4dcdff093b212a105d8ab83b5214ce2446948974b57811e032849e13c545c
1048,2026-09-10 02:30:33.258376+00,TKAMBIO,casa_digital,3.3400,3.3700,0.0300,2f73938f957e39c0ba2363ef74249a7f75b600cdef6e26aee8f664425875bfe8
1049,2026-09-10 02:30:33.690462+00,KAMBISTA,casa_digital,3.3370,3.3750,0.0380,dd0b69ca07a4ecde7c4b1e95c5a4dcca5aedc6feb6d1703bb26efbf6c4ea4d98
1050,2026-09-10 02:45:30.627279+00,CAMBIX,casa_digital,3.3400,3.3800,0.0400,e802fd2c8a67cb2111fb89377d427cbc819e1c3fe9c6ed6e64a9fbbfa0363e06
1051,2026-09-10 02:45:30.83821+00,REXTIE,casa_digital,3.3385,3.3715,0.0330,09718e45df5e345e08c5ed897cac2d2260e52cee80e1fc93ce2f81fdc19fcde8
1052,2026-09-10 02:45:30.95817+00,SUNAT,benchmark,3.3510,3.3600,0.0090,85cca2e9844ee54236f323a1040e35bc0b1bd24efb34f7d2c0bee8a8dfed3651
1053,2026-09-10 02:45:31.059339+00,AVG_BANKS,benchmark,3.6740,3.5150,-0.1590,7ea97fed25928a819f462721633a02dbaa610da5848fb850848419fc03649df1
1054,2026-09-10 02:45:31.191871+00,TKAMBIO,casa_digital,3.3400,3.3700,0.0300,06443aae85faba3edb331403a4003e3cbc55b1fe42c22fc5702c4ec3b58f30b2
1055,2026-09-10 02:45:31.3608+00,KAMBISTA,casa_digital,3.3370,3.3750,0.0380,453e9e42ce7b116c7b4ee5616e078c34fae200b9ea7374b6f2e53a4b975a3693
1056,2026-09-10 03:00:33.891771+00,CAMBIX,casa_digital,3.3400,3.3800,0.0400,44afe0a128549f342592895f284989cca1b680e81b5d1eb7c98c64aa5796f533
1057,2026-09-10 03:00:34.492763+00,REXTIE,casa_digital,3.3385,3.3715,0.0330,c56ff8b4b315f101716acf7f824607325b39ce495fa7cab790b931bd3f590f03
1058,2026-09-10 03:00:34.859477+00,SUNAT,benchmark,3.3510,3.3600,0.0090,e1ef47def3e52ec45c46497a52188565496c69b56f5f67ddd5d7bf8a8be763a1
1059,2026-09-10 03:00:35.179445+00,AVG_BANKS,benchmark,3.6740,3.5150,-0.1590,fbdcbd5b0970e402fe2388fb5de83dc0f70af95413c23b6ec8408aa05e3349f7
1060,2026-09-10 03:00:35.691522+00,TKAMBIO,casa_digital,3.3400,3.3700,0.0300,caa1dfa4e852039d1de2ed9b234c2888e73f608e37aef4797b7d804911390100
1061,2026-09-10 03:00:36.07973+00,KAMBISTA,casa_digital,3.3370,3.3750,0.0380,e979d642b660e358cd7d42a4ad5f77b37300c3d23b84aa674b67cddae8978a2a
1062,2026-09-10 03:15:34.307094+00,CAMBIX,casa_digital,3.3400,3.3800,0.0400,950cc27b945298cdca8793346b5f794a45357df0d718d4829de49a79fb51a7a6
1063,2026-09-10 03:15:34.553904+00,REXTIE,casa_digital,3.3385,3.3715,0.0330,97949281aa2d4639bbc84570ed5b553a1726a9f0aae8f2aee0ec70d0253f4694
1064,2026-09-10 03:15:34.804108+00,SUNAT,benchmark,3.3510,3.3600,0.0090,b9450f5abb6b76361ba562d8552094641918bea1956127af04914c49cf949fa7
1065,2026-09-10 03:15:35.038179+00,AVG_BANKS,benchmark,3.6740,3.5150,-0.1590,cd952607da7842bece335ec83cea0a0b3e6ab624c8b9f312aca68990c15cc8bc
1066,2026-09-10 03:15:35.192825+00,TKAMBIO,casa_digital,3.3400,3.3700,0.0300,4dfb04b0f2a2aa048d83b899e5231a99003911e0c0b63c0055b06f69a3ac8a8a
1067,2026-09-10 03:15:35.402998+00,KAMBISTA,casa_digital,3.3370,3.3750,0.0380,712ce346ba54e1ec2d169dd3d78710ec0c33ca943e2fe497ddf97efb2c6305bc
1068,2026-09-10 03:30:31.215271+00,CAMBIX,casa_digital,3.3400,3.3800,0.0400,0f0639d9d2212d9831e9858f1ea43b9bdb33e72ce780234bedd326dca9863d92
1069,2026-09-10 03:30:31.880708+00,REXTIE,casa_digital,3.3385,3.3715,0.0330,493b43be5c18cb9029a2f33961c59c4dde1328f72fab38aeee33ee0a35676d25
1070,2026-09-10 03:30:32.233857+00,SUNAT,benchmark,3.3510,3.3600,0.0090,aad0dccc68a886a77f2a46ddee9723fc7697e9cfa1d906837d57d7d0e3e5470e
1071,2026-09-10 03:30:32.562554+00,AVG_BANKS,benchmark,3.6740,3.5150,-0.1590,608f4930b353810dc8d8ad8c6be7f0968a732e1e3aa3639d1c6ae1cbc1bc2299
1072,2026-09-10 03:30:32.788631+00,TKAMBIO,casa_digital,3.3400,3.3700,0.0300,ae1e94bca528a50cf3be6d4149c3ad9f5c2ca97e9896e82df912fcb1cada44c9
1073,2026-09-10 03:30:33.124548+00,KAMBISTA,casa_digital,3.3370,3.3750,0.0380,1e14c0023ba4e5166516838abb1d0c1bb5d10889027129be7c600d2dbe9f378e
1074,2026-09-10 03:45:29.40672+00,CAMBIX,casa_digital,3.3400,3.3800,0.0400,bb5e422ad380bc2d499929e45cdb7f8a773ade1ce79f5f6fe797e22eb3d16fa0
1075,2026-09-10 03:45:29.763707+00,REXTIE,casa_digital,3.3385,3.3715,0.0330,98ff16b24405166e75a158099aa993efe3508f18c03177a17bb0749e39d40676
1076,2026-09-10 03:45:30.124812+00,SUNAT,benchmark,3.3510,3.3600,0.0090,580db45318884d3d3032f52a7b29ffc4efad6dbaad4243d1d3e5ac3914732b3e
1077,2026-09-10 03:45:30.473082+00,AVG_BANKS,benchmark,3.6740,3.5150,-0.1590,b0739824787af30fe35c269c90bc6e7409014907027adcf6fb74adf94f5837a3
1078,2026-09-10 03:45:30.820652+00,TKAMBIO,casa_digital,3.3400,3.3700,0.0300,ea9906d78295f24d67ff73de0423e566794b874d2505903a26ef309bc4f538bf
1079,2026-09-10 03:45:31.154093+00,KAMBISTA,casa_digital,3.3370,3.3750,0.0380,ab4024e3fe03c552fec45b79b877ab5cff200e458a1e4fdac8474c7ddbdb9ed9
1080,2026-09-10 04:00:31.907998+00,CAMBIX,casa_digital,3.3400,3.3800,0.0400,9535bba44b622770d5ff51f5d025871ef6d16df81000e29b11efac8d41a17631
1081,2026-09-10 04:00:32.151866+00,REXTIE,casa_digital,3.3385,3.3715,0.0330,09933756e44742f25b4a3f7278d0be0d67c297dd4ac289bc57ced2776701d642
1082,2026-09-10 04:00:32.352238+00,SUNAT,benchmark,3.3510,3.3600,0.0090,5b67039a005a7b4907a173f6dc2ca893cac89da5215136b9e58eed12ad73bdfb
1083,2026-09-10 04:00:32.556591+00,AVG_BANKS,benchmark,3.6740,3.5150,-0.1590,14d4448cc44c2ce87308d355221ff8d3e5e815aece87f57ec5db7a7ca49e04c3
1084,2026-09-10 04:00:32.742229+00,TKAMBIO,casa_digital,3.3400,3.3700,0.0300,81fd1a088630db3df62ff785e31211ad52ca0f7d2adb51e03b13dd3d00b8909f
1085,2026-09-10 04:00:32.928982+00,KAMBISTA,casa_digital,3.3370,3.3750,0.0380,a7a80cabe1f664057f6b2a1191796e0192e27fa34f4a9d0cba2f504601fdf260
1086,2026-09-10 04:15:30.469131+00,CAMBIX,casa_digital,3.3400,3.3800,0.0400,4f84bebc1225c1d782990cf58111f464ffdb73c9ec6949e606f710c49e5ae4a7
1087,2026-09-10 04:15:30.647535+00,REXTIE,casa_digital,3.3385,3.3715,0.0330,23ad03b3a745aa5fc300b46079a662b45240e011aba3c4abe08c20e692d68c09
1088,2026-09-10 04:15:30.770634+00,SUNAT,benchmark,3.3510,3.3600,0.0090,32b32d45e9a77cca0fc3e7232ea1b70562a0cf006f6a0c3f58142f4a4e121933
1089,2026-09-10 04:15:30.927892+00,AVG_BANKS,benchmark,3.6740,3.5150,-0.1590,c0fda6f7c04e60bf1140ff3acc63c9083946d044e62cbebce9ec8ec92ffd8c19
1090,2026-09-10 04:15:31.08296+00,TKAMBIO,casa_digital,3.3400,3.3700,0.0300,cffa7963d7ab2d1f02a5e578ac707853ee9fd95df2a753014d6d909640ffbe10
1091,2026-09-10 04:15:31.216761+00,KAMBISTA,casa_digital,3.3370,3.3750,0.0380,11006321c8971212532f8b6f5b80a246a91367e2346121c54623a458b50bd7aa
1092,2026-09-10 04:30:30.665015+00,CAMBIX,casa_digital,3.3400,3.3800,0.0400,2386ea2851ab3983a16da32db7a6b33971cb75dd9501c0dcfce41e709407db5f
1093,2026-09-10 04:30:31.121337+00,REXTIE,casa_digital,3.3385,3.3715,0.0330,cddfa3bdc75b65c8ed800923684afcdcc3786b33af44319c2537781e5684b041
1094,2026-09-10 04:30:31.42649+00,SUNAT,benchmark,3.3510,3.3600,0.0090,35809562c828d6e1ae1636a37cfcdfc3f4e43e44bd7c0f096a47cd9c77ad0c48
1095,2026-09-10 04:30:31.718599+00,AVG_BANKS,benchmark,3.6740,3.5150,-0.1590,341b367ff8af6e7f3265a2bd0d1ca1138c2df8b91cf8b97ae66be3e70f9d9376
1096,2026-09-10 04:30:32.019842+00,TKAMBIO,casa_digital,3.3400,3.3700,0.0300,e520300cba2e61b0a85a36cb88167ce1152306daa49b835532ce4bfb94686d6f
1097,2026-09-10 04:30:32.303816+00,KAMBISTA,casa_digital,3.3370,3.3750,0.0380,5cb1084a2617fdcd54b411017327af53eb7ac389121364cf5d63f1a08e1e8c7c
1098,2026-09-10 04:34:40.113639+00,CAMBIX,casa_digital,3.3400,3.3800,0.0400,615432676c0a94a9ca843d8cd7d829125ef80cdc75ff8ffef57f27be83301c8e
1099,2026-09-10 04:34:40.455517+00,REXTIE,casa_digital,3.3385,3.3715,0.0330,001a92f7d89236f2f40a1cc21aca37200e7458f3f43f195304277f21f01bab35
1100,2026-09-10 04:34:40.929403+00,SUNAT,benchmark,3.3510,3.3600,0.0090,7ce402089c91bd08751cea66ad99653f9e25a997258abef9738b81ab45e8a781
1101,2026-09-10 04:34:41.066581+00,AVG_BANKS,benchmark,3.6740,3.5150,-0.1590,5ab9660e3e40c90735bbb47077248a6dc627da73f0db93805fe5e5aedc2cf911
1102,2026-09-10 04:34:41.244093+00,TKAMBIO,casa_digital,3.3400,3.3700,0.0300,3c9198a137bc8b62852fbf5c30daeb82b161063faf1ba87968cc8192c374153c
1103,2026-09-10 04:34:41.369719+00,KAMBISTA,casa_digital,3.3370,3.3750,0.0380,10ba4e7efda87acd728ad3b84a8c485d2bacec0e80167ac469553254f40a5287
1104,2026-09-10 04:45:28.671847+00,CAMBIX,casa_digital,3.3400,3.3800,0.0400,bfc89308bcfffab3f1c471350ad803181ee472f8d26140693cce39eb9975c72e
1105,2026-09-10 04:45:29.082866+00,REXTIE,casa_digital,3.3385,3.3715,0.0330,9afe7a2d0baaeb74ffcf8b38ffff89c3c6c2ffbdb55d281e2aec043ae2da154c
1106,2026-09-10 04:45:29.379776+00,SUNAT,benchmark,3.3510,3.3600,0.0090,7d59a42fb49e80d634b8eca96a2f808ba463c2b3022c3c90dea1b7a55b70dc22
1107,2026-09-10 04:45:29.698543+00,AVG_BANKS,benchmark,3.6740,3.5150,-0.1590,2f0229e0afd33676c01ea0f97dd2f69f33ad96d7ea24d563f348687758cd1f84
1108,2026-09-10 04:45:29.865248+00,TKAMBIO,casa_digital,3.3400,3.3700,0.0300,c122f74ab09b53b297f007d3a657cc90eceb16cd4d5de045248b6d7fe94b7b34
1109,2026-09-10 04:45:30.407615+00,KAMBISTA,casa_digital,3.3370,3.3750,0.0380,bf3e0ba6c86ab6259baea9b8433898a7c6e596fadf1e7fde29e2a61780625d16
1110,2026-09-10 05:00:35.428215+00,CAMBIX,casa_digital,3.3400,3.3800,0.0400,b1d47b86acdb7a27a832be8da1b6e0a462e4c006a972b1ccd10f101466a92522
1111,2026-09-10 05:00:35.662337+00,REXTIE,casa_digital,3.3385,3.3715,0.0330,75c1fe5ea89a5fcfb9425dfa851f67c7f22a9ac4b28a250334226d2637541108
1112,2026-09-10 05:00:35.982583+00,SUNAT,benchmark,3.3510,3.3600,0.0090,32024441407345db6493ba8341ba9cae1b842723e86c18067f1866ae10c83044
1113,2026-09-10 05:00:36.218387+00,AVG_BANKS,benchmark,3.6740,3.5150,-0.1590,33606efde4a824674bb01edddc3ec9a33f227a7f18e120102754edca5655be3d
1114,2026-09-10 05:00:36.506633+00,TKAMBIO,casa_digital,3.3400,3.3700,0.0300,4eeb295a2c676b05ba665bb184bfe5cb8c334f0502386e76e24966b0b382b92c
1115,2026-09-10 05:00:36.718986+00,KAMBISTA,casa_digital,3.3370,3.3750,0.0380,c7655b6790dad1ccc3d1a1354f372389e326de2f74327a16f935af95fa4f741b
1116,2026-09-10 05:15:31.48617+00,CAMBIX,casa_digital,3.3400,3.3800,0.0400,b8e47f4a977725f5309fd1e30d68ceeeb17d296bc672e003e3a119ff76cc4dbf
1117,2026-09-10 05:15:31.653473+00,REXTIE,casa_digital,3.3385,3.3715,0.0330,1f6c5bfbdfbedfe36bdb0470a5bcd1e57e0c61c6d9585e472a89ff5244672773
1118,2026-09-10 05:15:31.873248+00,SUNAT,benchmark,3.3510,3.3600,0.0090,261bc47d66ce90e4fce2ed01f17c6ca231466a45415a9d10f379dee259bd7794
1119,2026-09-10 05:15:32.090757+00,AVG_BANKS,benchmark,3.6740,3.5150,-0.1590,e32be1d5f39ff9b8a6e5513132aa70bddf9e8b73ec069ef2c4b7e87a6ed04551
1120,2026-09-10 05:15:32.356716+00,TKAMBIO,casa_digital,3.3400,3.3700,0.0300,5ef3b861b120c794b9b205ef7278af7af4fb9812a20d5805312d10b5342c278a
1121,2026-09-10 05:15:32.627664+00,KAMBISTA,casa_digital,3.3370,3.3750,0.0380,e941349273118c283f41f9bab81d806a11465c7aea47867a05be0751893b33e0
1122,2026-09-10 05:30:30.634623+00,CAMBIX,casa_digital,3.3400,3.3800,0.0400,2f8ccded87c4679d37c1eefc0b85f5c33ed41e3271a2c79435828fb0a85ab4e2
1123,2026-09-10 05:30:31.025465+00,REXTIE,casa_digital,3.3385,3.3715,0.0330,23878b641f508605c91521182291ae352c7928c79f097f10b8a530d7bc2eb904
1124,2026-09-10 05:30:31.273624+00,SUNAT,benchmark,3.3510,3.3600,0.0090,e4d895bd4e0c5bd659592297c9900c6c32494ebce5f54146ac64db7b80806e0f
1125,2026-09-10 05:30:31.517594+00,AVG_BANKS,benchmark,3.6740,3.5150,-0.1590,c6a8af553a9e2c430dc0255d0a377797dcd489b3e8123fdf4d13bc832357812c
1126,2026-09-10 05:30:31.760173+00,TKAMBIO,casa_digital,3.3400,3.3700,0.0300,f4ce4787af831482e63705e506b98ef127c9d79692cfb9acf65acd80b32a53c9
1127,2026-09-10 05:30:31.900473+00,KAMBISTA,casa_digital,3.3370,3.3750,0.0380,983c7557143cb40f13cb8c0a7e43eda711f4891c5296532f2b168a3762feaa09
1128,2026-09-10 05:45:31.9202+00,CAMBIX,casa_digital,3.3400,3.3800,0.0400,72c95cfc5f17eb64143ec67e50cb90b71f801d94d2c769f16e969425ec9e5aec
1129,2026-09-10 05:45:32.057679+00,REXTIE,casa_digital,3.3385,3.3715,0.0330,43a13a8be15c1c405b802c8bc470234b3583f8725c6dc432c29afefc270b31de
1130,2026-09-10 05:45:32.224765+00,SUNAT,benchmark,3.3550,3.3620,0.0070,204946e9c91206223b2bbb8fbd8dd22b7bb7af1566b3c588259758cfcd652ecf
1131,2026-09-10 05:45:32.336514+00,AVG_BANKS,benchmark,3.6740,3.5150,-0.1590,4b4e046dbffa697be76ee5078506b7ff404fa28c250fb3624f2a47ce4d2a9865
1132,2026-09-10 05:45:32.447089+00,TKAMBIO,casa_digital,3.3400,3.3700,0.0300,4ab8390f6077f1ab73f6c00d5770d4621c3ed2987f51f5faab81c4e245edfaae
1133,2026-09-10 05:45:32.581731+00,KAMBISTA,casa_digital,3.3370,3.3750,0.0380,d7e5d57cffb6a6073cfb6d58d5f50f8ed6b75133768512803d3c538b79781eed
1134,2026-09-10 06:00:33.532209+00,CAMBIX,casa_digital,3.3400,3.3800,0.0400,e72631c6096207fc6b0ef89d400b41bd1d5427a3728de9f259909958f6471ec7
1135,2026-09-10 06:00:33.775586+00,REXTIE,casa_digital,3.3385,3.3715,0.0330,4e9b2c37684abd9a1da2a2d16850283b7c57dbb5b2b99761f41e020767d0ca08
1136,2026-09-10 06:00:33.994566+00,SUNAT,benchmark,3.3550,3.3620,0.0070,47a38b155f9a9b7a5ce44dfaddbd9e8669f13157381a55b2d1266d5cefd39c28
1137,2026-09-10 06:00:34.222434+00,AVG_BANKS,benchmark,3.6740,3.5150,-0.1590,a35ec307a450d6ce2c4af5184f8ce8ce262c93bc57585bcbc0badf5571f2a124
1138,2026-09-10 06:00:34.475526+00,TKAMBIO,casa_digital,3.3400,3.3700,0.0300,6f891538c129448a6bfe0c820004165b4ac6236b63d04708aadcaf49714ee5c9
1139,2026-09-10 06:00:34.667045+00,TUCAMBISTA,casa_digital,3.3420,3.3710,0.0290,f99cf66eef30ada70b40516cbc7c62936dc6b8647cf7890cc75080ae7d5df2cc
1140,2026-09-10 06:00:34.816516+00,KAMBISTA,casa_digital,3.3370,3.3750,0.0380,9a1252ffc12b0a3e116f520f28163517868a264d5dd56916625845d1f700e136
1141,2026-09-10 06:15:28.019572+00,CAMBIX,casa_digital,3.3400,3.3800,0.0400,01980bed5bc37812f35a16ef56430504a51b31cbf1338b60b82c6c4cc32183cb
1142,2026-09-10 06:15:28.274146+00,REXTIE,casa_digital,3.3385,3.3715,0.0330,44128be59b3620c8b1c401a259be46bb82b11fbd6d7a874f905e3935de7e19e0
1143,2026-09-10 06:15:28.657237+00,SUNAT,benchmark,3.3550,3.3620,0.0070,788f38b25182454735aef71538b6df478980cf4c38ca9fe4a3d3f0c3894b9619
1144,2026-09-10 06:15:29.02503+00,AVG_BANKS,benchmark,3.6740,3.5150,-0.1590,21747a448de5bd64345f5dea43f7db13a3387d034bdc05241af08867d33f0f49
1145,2026-09-10 06:15:29.416182+00,TKAMBIO,casa_digital,3.3400,3.3700,0.0300,72a905384deab1ba6370c749294ae4a73e77e0400a664e1a05b2905f78e10095
1146,2026-09-10 06:15:29.624193+00,KAMBISTA,casa_digital,3.3370,3.3750,0.0380,a8ab4a8dca7b4bbc0ff8a9714dd8764be69467792a81d8b7547430ba2a36fabd